,County,Day,Cases,Week,Date,Population,Rate,Log
0,Alachua,0,0,1,3/2/20,263753.0,0.0,0.0
69,Alachua,1,0,1,3/3/20,263753.0,0.0,0.0
138,Alachua,2,0,1,3/4/20,263753.0,0.0,0.0
207,Alachua,3,0,1,3/5/20,263753.0,0.0,0.0
276,Alachua,4,0,1,3/6/20,263753.0,0.0,0.0
345,Alachua,5,0,1,3/7/20,263753.0,0.0,0.0
414,Alachua,6,0,1,3/8/20,263753.0,0.0,0.0
483,Alachua,7,0,2,3/9/20,263753.0,0.0,0.0
552,Alachua,8,1,2,3/10/20,263753.0,0.3791426069087366,0.0
621,Alachua,9,0,2,3/11/20,263753.0,0.0,0.0
690,Alachua,10,0,2,3/12/20,263753.0,0.0,0.0
759,Alachua,11,1,2,3/13/20,263753.0,0.3791426069087366,0.0
828,Alachua,12,1,2,3/14/20,263753.0,0.3791426069087366,0.0
897,Alachua,13,0,2,3/15/20,263753.0,0.0,0.0
966,Alachua,14,1,3,3/16/20,263753.0,0.3791426069087366,0.0
1035,Alachua,15,2,3,3/17/20,263753.0,0.7582852138174732,0.6931471805599453
1104,Alachua,16,3,3,3/18/20,263753.0,1.1374278207262098,1.0986122886681098
1173,Alachua,17,2,3,3/19/20,263753.0,0.7582852138174732,0.6931471805599453
1242,Alachua,18,5,3,3/20/20,263753.0,1.8957130345436828,1.6094379124341003
1311,Alachua,19,13,3,3/21/20,263753.0,4.928853889813576,2.5649493574615367
1380,Alachua,20,5,3,3/22/20,263753.0,1.8957130345436828,1.6094379124341003
1449,Alachua,21,2,4,3/23/20,263753.0,0.7582852138174732,0.6931471805599453
1518,Alachua,22,1,4,3/24/20,263753.0,0.3791426069087366,0.0
1,Baker,0,0,1,3/2/20,27488.0,0.0,0.0
70,Baker,1,0,1,3/3/20,27488.0,0.0,0.0
139,Baker,2,0,1,3/4/20,27488.0,0.0,0.0
208,Baker,3,0,1,3/5/20,27488.0,0.0,0.0
277,Baker,4,0,1,3/6/20,27488.0,0.0,0.0
346,Baker,5,0,1,3/7/20,27488.0,0.0,0.0
415,Baker,6,0,1,3/8/20,27488.0,0.0,0.0
484,Baker,7,0,2,3/9/20,27488.0,0.0,0.0
553,Baker,8,0,2,3/10/20,27488.0,0.0,0.0
622,Baker,9,0,2,3/11/20,27488.0,0.0,0.0
691,Baker,10,0,2,3/12/20,27488.0,0.0,0.0
760,Baker,11,0,2,3/13/20,27488.0,0.0,0.0
829,Baker,12,0,2,3/14/20,27488.0,0.0,0.0
898,Baker,13,0,2,3/15/20,27488.0,0.0,0.0
967,Baker,14,0,3,3/16/20,27488.0,0.0,0.0
1036,Baker,15,0,3,3/17/20,27488.0,0.0,0.0
1105,Baker,16,0,3,3/18/20,27488.0,0.0,0.0
1174,Baker,17,0,3,3/19/20,27488.0,0.0,0.0
1243,Baker,18,1,3,3/20/20,27488.0,3.637951105937136,0.0
1312,Baker,19,0,3,3/21/20,27488.0,0.0,0.0
1381,Baker,20,2,3,3/22/20,27488.0,7.275902211874272,0.6931471805599453
1450,Baker,21,0,4,3/23/20,27488.0,0.0,0.0
1519,Baker,22,1,4,3/24/20,27488.0,3.637951105937136,0.0
2,Bay,0,0,1,3/2/20,182218.0,0.0,0.0
71,Bay,1,0,1,3/3/20,182218.0,0.0,0.0
140,Bay,2,0,1,3/4/20,182218.0,0.0,0.0
209,Bay,3,0,1,3/5/20,182218.0,0.0,0.0
278,Bay,4,0,1,3/6/20,182218.0,0.0,0.0
347,Bay,5,0,1,3/7/20,182218.0,0.0,0.0
416,Bay,6,0,1,3/8/20,182218.0,0.0,0.0
485,Bay,7,0,2,3/9/20,182218.0,0.0,0.0
554,Bay,8,0,2,3/10/20,182218.0,0.0,0.0
623,Bay,9,0,2,3/11/20,182218.0,0.0,0.0
692,Bay,10,0,2,3/12/20,182218.0,0.0,0.0
761,Bay,11,0,2,3/13/20,182218.0,0.0,0.0
830,Bay,12,0,2,3/14/20,182218.0,0.0,0.0
899,Bay,13,0,2,3/15/20,182218.0,0.0,0.0
968,Bay,14,0,3,3/16/20,182218.0,0.0,0.0
1037,Bay,15,0,3,3/17/20,182218.0,0.0,0.0
1106,Bay,16,0,3,3/18/20,182218.0,0.0,0.0
1175,Bay,17,0,3,3/19/20,182218.0,0.0,0.0
1244,Bay,18,0,3,3/20/20,182218.0,0.0,0.0
1313,Bay,19,1,3,3/21/20,182218.0,0.5487932037449648,0.0
1382,Bay,20,0,3,3/22/20,182218.0,0.0,0.0
1451,Bay,21,0,4,3/23/20,182218.0,0.0,0.0
1520,Bay,22,0,4,3/24/20,182218.0,0.0,0.0
3,Bradford,0,0,1,3/2/20,28083.0,0.0,0.0
72,Bradford,1,0,1,3/3/20,28083.0,0.0,0.0
141,Bradford,2,0,1,3/4/20,28083.0,0.0,0.0
210,Bradford,3,0,1,3/5/20,28083.0,0.0,0.0
279,Bradford,4,0,1,3/6/20,28083.0,0.0,0.0
348,Bradford,5,0,1,3/7/20,28083.0,0.0,0.0
417,Bradford,6,0,1,3/8/20,28083.0,0.0,0.0
486,Bradford,7,0,2,3/9/20,28083.0,0.0,0.0
555,Bradford,8,0,2,3/10/20,28083.0,0.0,0.0
624,Bradford,9,0,2,3/11/20,28083.0,0.0,0.0
693,Bradford,10,0,2,3/12/20,28083.0,0.0,0.0
762,Bradford,11,0,2,3/13/20,28083.0,0.0,0.0
831,Bradford,12,0,2,3/14/20,28083.0,0.0,0.0
900,Bradford,13,0,2,3/15/20,28083.0,0.0,0.0
969,Bradford,14,0,3,3/16/20,28083.0,0.0,0.0
1038,Bradford,15,0,3,3/17/20,28083.0,0.0,0.0
1107,Bradford,16,0,3,3/18/20,28083.0,0.0,0.0
1176,Bradford,17,0,3,3/19/20,28083.0,0.0,0.0
1245,Bradford,18,0,3,3/20/20,28083.0,0.0,0.0
1314,Bradford,19,0,3,3/21/20,28083.0,0.0,0.0
1383,Bradford,20,1,3,3/22/20,28083.0,3.5608731260905175,0.0
1452,Bradford,21,0,4,3/23/20,28083.0,0.0,0.0
1521,Bradford,22,0,4,3/24/20,28083.0,0.0,0.0
4,Brevard,0,0,1,3/2/20,584050.0,0.0,0.0
73,Brevard,1,0,1,3/3/20,584050.0,0.0,0.0
142,Brevard,2,0,1,3/4/20,584050.0,0.0,0.0
211,Brevard,3,0,1,3/5/20,584050.0,0.0,0.0
280,Brevard,4,0,1,3/6/20,584050.0,0.0,0.0
349,Brevard,5,0,1,3/7/20,584050.0,0.0,0.0
418,Brevard,6,0,1,3/8/20,584050.0,0.0,0.0
487,Brevard,7,0,2,3/9/20,584050.0,0.0,0.0
556,Brevard,8,0,2,3/10/20,584050.0,0.0,0.0
625,Brevard,9,0,2,3/11/20,584050.0,0.0,0.0
694,Brevard,10,0,2,3/12/20,584050.0,0.0,0.0
763,Brevard,11,0,2,3/13/20,584050.0,0.0,0.0
832,Brevard,12,0,2,3/14/20,584050.0,0.0,0.0
901,Brevard,13,0,2,3/15/20,584050.0,0.0,0.0
970,Brevard,14,0,3,3/16/20,584050.0,0.0,0.0
1039,Brevard,15,1,3,3/17/20,584050.0,0.1712182176183546,0.0
1108,Brevard,16,1,3,3/18/20,584050.0,0.1712182176183546,0.0
1177,Brevard,17,1,3,3/19/20,584050.0,0.1712182176183546,0.0
1246,Brevard,18,1,3,3/20/20,584050.0,0.1712182176183546,0.0
1315,Brevard,19,1,3,3/21/20,584050.0,0.1712182176183546,0.0
1384,Brevard,20,2,3,3/22/20,584050.0,0.3424364352367092,0.6931471805599453
1453,Brevard,21,0,4,3/23/20,584050.0,0.0,0.0
1522,Brevard,22,2,4,3/24/20,584050.0,0.3424364352367092,0.6931471805599453
5,Broward,0,0,1,3/2/20,1903210.0,0.0,0.0
74,Broward,1,0,1,3/3/20,1903210.0,0.0,0.0
143,Broward,2,0,1,3/4/20,1903210.0,0.0,0.0
212,Broward,3,0,1,3/5/20,1903210.0,0.0,0.0
281,Broward,4,0,1,3/6/20,1903210.0,0.0,0.0
350,Broward,5,2,1,3/7/20,1903210.0,0.10508561850767913,0.6931471805599453
419,Broward,6,0,1,3/8/20,1903210.0,0.0,0.0
488,Broward,7,1,2,3/9/20,1903210.0,0.05254280925383956,0.0
557,Broward,8,1,2,3/10/20,1903210.0,0.05254280925383956,0.0
626,Broward,9,0,2,3/11/20,1903210.0,0.0,0.0
695,Broward,10,3,2,3/12/20,1903210.0,0.1576284277615187,1.0986122886681098
764,Broward,11,5,2,3/13/20,1903210.0,0.2627140462691978,1.6094379124341003
833,Broward,12,13,2,3/14/20,1903210.0,0.6830565202999144,2.5649493574615367
902,Broward,13,16,2,3/15/20,1903210.0,0.840684948061433,2.772588722239781
971,Broward,14,6,3,3/16/20,1903210.0,0.3152568555230374,1.791759469228055
1040,Broward,15,8,3,3/17/20,1903210.0,0.4203424740307165,2.0794415416798357
1109,Broward,16,27,3,3/18/20,1903210.0,1.4186558498536683,3.295836866004329
1178,Broward,17,13,3,3/19/20,1903210.0,0.6830565202999144,2.5649493574615367
1247,Broward,18,31,3,3/20/20,1903210.0,1.6288270868690264,3.4339872044851463
1316,Broward,19,39,3,3/21/20,1903210.0,2.049169560899743,3.6635616461296463
1385,Broward,20,69,3,3/22/20,1903210.0,3.62545383851493,4.23410650459726
1454,Broward,21,43,4,3/23/20,1903210.0,2.2593407979151015,3.7612001156935624
1523,Broward,22,34,4,3/24/20,1903210.0,1.7864555146305452,3.5263605246161616
45,Calhoun,0,0,1,3/2/20,15315.0,0.0,0.0
114,Calhoun,1,0,1,3/3/20,15315.0,0.0,0.0
183,Calhoun,2,0,1,3/4/20,15315.0,0.0,0.0
252,Calhoun,3,0,1,3/5/20,15315.0,0.0,0.0
321,Calhoun,4,0,1,3/6/20,15315.0,0.0,0.0
390,Calhoun,5,0,1,3/7/20,15315.0,0.0,0.0
459,Calhoun,6,0,1,3/8/20,15315.0,0.0,0.0
528,Calhoun,7,0,2,3/9/20,15315.0,0.0,0.0
597,Calhoun,8,0,2,3/10/20,15315.0,0.0,0.0
666,Calhoun,9,0,2,3/11/20,15315.0,0.0,0.0
735,Calhoun,10,0,2,3/12/20,15315.0,0.0,0.0
804,Calhoun,11,0,2,3/13/20,15315.0,0.0,0.0
873,Calhoun,12,0,2,3/14/20,15315.0,0.0,0.0
942,Calhoun,13,0,2,3/15/20,15315.0,0.0,0.0
1011,Calhoun,14,0,3,3/16/20,15315.0,0.0,0.0
1080,Calhoun,15,0,3,3/17/20,15315.0,0.0,0.0
1149,Calhoun,16,0,3,3/18/20,15315.0,0.0,0.0
1218,Calhoun,17,0,3,3/19/20,15315.0,0.0,0.0
1287,Calhoun,18,0,3,3/20/20,15315.0,0.0,0.0
1356,Calhoun,19,0,3,3/21/20,15315.0,0.0,0.0
1425,Calhoun,20,0,3,3/22/20,15315.0,0.0,0.0
1494,Calhoun,21,0,4,3/23/20,15315.0,0.0,0.0
1563,Calhoun,22,0,4,3/24/20,15315.0,0.0,0.0
6,Charlotte,0,0,1,3/2/20,175413.0,0.0,0.0
75,Charlotte,1,0,1,3/3/20,175413.0,0.0,0.0
144,Charlotte,2,0,1,3/4/20,175413.0,0.0,0.0
213,Charlotte,3,0,1,3/5/20,175413.0,0.0,0.0
282,Charlotte,4,0,1,3/6/20,175413.0,0.0,0.0
351,Charlotte,5,0,1,3/7/20,175413.0,0.0,0.0
420,Charlotte,6,0,1,3/8/20,175413.0,0.0,0.0
489,Charlotte,7,1,2,3/9/20,175413.0,0.5700831751352523,0.0
558,Charlotte,8,0,2,3/10/20,175413.0,0.0,0.0
627,Charlotte,9,0,2,3/11/20,175413.0,0.0,0.0
696,Charlotte,10,0,2,3/12/20,175413.0,0.0,0.0
765,Charlotte,11,0,2,3/13/20,175413.0,0.0,0.0
834,Charlotte,12,0,2,3/14/20,175413.0,0.0,0.0
903,Charlotte,13,0,2,3/15/20,175413.0,0.0,0.0
972,Charlotte,14,0,3,3/16/20,175413.0,0.0,0.0
1041,Charlotte,15,0,3,3/17/20,175413.0,0.0,0.0
1110,Charlotte,16,0,3,3/18/20,175413.0,0.0,0.0
1179,Charlotte,17,0,3,3/19/20,175413.0,0.0,0.0
1248,Charlotte,18,1,3,3/20/20,175413.0,0.5700831751352523,0.0
1317,Charlotte,19,0,3,3/21/20,175413.0,0.0,0.0
1386,Charlotte,20,1,3,3/22/20,175413.0,0.5700831751352523,0.0
1455,Charlotte,21,0,4,3/23/20,175413.0,0.0,0.0
1524,Charlotte,22,0,4,3/24/20,175413.0,0.0,0.0
7,Citrus,0,0,1,3/2/20,145164.0,0.0,0.0
76,Citrus,1,0,1,3/3/20,145164.0,0.0,0.0
145,Citrus,2,0,1,3/4/20,145164.0,0.0,0.0
214,Citrus,3,0,1,3/5/20,145164.0,0.0,0.0
283,Citrus,4,0,1,3/6/20,145164.0,0.0,0.0
352,Citrus,5,0,1,3/7/20,145164.0,0.0,0.0
421,Citrus,6,0,1,3/8/20,145164.0,0.0,0.0
490,Citrus,7,0,2,3/9/20,145164.0,0.0,0.0
559,Citrus,8,0,2,3/10/20,145164.0,0.0,0.0
628,Citrus,9,0,2,3/11/20,145164.0,0.0,0.0
697,Citrus,10,0,2,3/12/20,145164.0,0.0,0.0
766,Citrus,11,0,2,3/13/20,145164.0,0.0,0.0
835,Citrus,12,0,2,3/14/20,145164.0,0.0,0.0
904,Citrus,13,1,2,3/15/20,145164.0,0.6888760298696647,0.0
973,Citrus,14,0,3,3/16/20,145164.0,0.0,0.0
1042,Citrus,15,1,3,3/17/20,145164.0,0.6888760298696647,0.0
1111,Citrus,16,1,3,3/18/20,145164.0,0.6888760298696647,0.0
1180,Citrus,17,0,3,3/19/20,145164.0,0.0,0.0
1249,Citrus,18,2,3,3/20/20,145164.0,1.3777520597393293,0.6931471805599453
1318,Citrus,19,3,3,3/21/20,145164.0,2.0666280896089937,1.0986122886681098
1387,Citrus,20,1,3,3/22/20,145164.0,0.6888760298696647,0.0
1456,Citrus,21,0,4,3/23/20,145164.0,0.0,0.0
1525,Citrus,22,0,4,3/24/20,145164.0,0.0,0.0
8,Clay,0,0,1,3/2/20,213565.0,0.0,0.0
77,Clay,1,0,1,3/3/20,213565.0,0.0,0.0
146,Clay,2,0,1,3/4/20,213565.0,0.0,0.0
215,Clay,3,0,1,3/5/20,213565.0,0.0,0.0
284,Clay,4,0,1,3/6/20,213565.0,0.0,0.0
353,Clay,5,0,1,3/7/20,213565.0,0.0,0.0
422,Clay,6,0,1,3/8/20,213565.0,0.0,0.0
491,Clay,7,0,2,3/9/20,213565.0,0.0,0.0
560,Clay,8,0,2,3/10/20,213565.0,0.0,0.0
629,Clay,9,0,2,3/11/20,213565.0,0.0,0.0
698,Clay,10,0,2,3/12/20,213565.0,0.0,0.0
767,Clay,11,1,2,3/13/20,213565.0,0.4682415189754876,0.0
836,Clay,12,2,2,3/14/20,213565.0,0.9364830379509752,0.6931471805599453
905,Clay,13,0,2,3/15/20,213565.0,0.0,0.0
974,Clay,14,0,3,3/16/20,213565.0,0.0,0.0
1043,Clay,15,1,3,3/17/20,213565.0,0.4682415189754876,0.0
1112,Clay,16,0,3,3/18/20,213565.0,0.0,0.0
1181,Clay,17,0,3,3/19/20,213565.0,0.0,0.0
1250,Clay,18,1,3,3/20/20,213565.0,0.4682415189754876,0.0
1319,Clay,19,1,3,3/21/20,213565.0,0.4682415189754876,0.0
1388,Clay,20,2,3,3/22/20,213565.0,0.9364830379509752,0.6931471805599453
1457,Clay,21,0,4,3/23/20,213565.0,0.0,0.0
1526,Clay,22,2,4,3/24/20,213565.0,0.9364830379509752,0.6931471805599453
9,Collier,0,0,1,3/2/20,367471.0,0.0,0.0
78,Collier,1,0,1,3/3/20,367471.0,0.0,0.0
147,Collier,2,0,1,3/4/20,367471.0,0.0,0.0
216,Collier,3,0,1,3/5/20,367471.0,0.0,0.0
285,Collier,4,0,1,3/6/20,367471.0,0.0,0.0
354,Collier,5,0,1,3/7/20,367471.0,0.0,0.0
423,Collier,6,0,1,3/8/20,367471.0,0.0,0.0
492,Collier,7,0,2,3/9/20,367471.0,0.0,0.0
561,Collier,8,0,2,3/10/20,367471.0,0.0,0.0
630,Collier,9,3,2,3/11/20,367471.0,0.8163909532997162,1.0986122886681098
699,Collier,10,0,2,3/12/20,367471.0,0.0,0.0
768,Collier,11,0,2,3/13/20,367471.0,0.0,0.0
837,Collier,12,1,2,3/14/20,367471.0,0.27213031776657204,0.0
906,Collier,13,2,2,3/15/20,367471.0,0.5442606355331441,0.6931471805599453
975,Collier,14,1,3,3/16/20,367471.0,0.27213031776657204,0.0
1044,Collier,15,1,3,3/17/20,367471.0,0.27213031776657204,0.0
1113,Collier,16,5,3,3/18/20,367471.0,1.3606515888328603,1.6094379124341003
1182,Collier,17,5,3,3/19/20,367471.0,1.3606515888328603,1.6094379124341003
1251,Collier,18,9,3,3/20/20,367471.0,2.4491728598991487,2.1972245773362196
1320,Collier,19,1,3,3/21/20,367471.0,0.27213031776657204,0.0
1389,Collier,20,6,3,3/22/20,367471.0,1.6327819065994325,1.791759469228055
1458,Collier,21,5,4,3/23/20,367471.0,1.3606515888328603,1.6094379124341003
1527,Collier,22,2,4,3/24/20,367471.0,0.5442606355331441,0.6931471805599453
10,Columbia,0,0,1,3/2/20,69566.0,0.0,0.0
79,Columbia,1,0,1,3/3/20,69566.0,0.0,0.0
148,Columbia,2,0,1,3/4/20,69566.0,0.0,0.0
217,Columbia,3,0,1,3/5/20,69566.0,0.0,0.0
286,Columbia,4,0,1,3/6/20,69566.0,0.0,0.0
355,Columbia,5,0,1,3/7/20,69566.0,0.0,0.0
424,Columbia,6,0,1,3/8/20,69566.0,0.0,0.0
493,Columbia,7,0,2,3/9/20,69566.0,0.0,0.0
562,Columbia,8,0,2,3/10/20,69566.0,0.0,0.0
631,Columbia,9,0,2,3/11/20,69566.0,0.0,0.0
700,Columbia,10,0,2,3/12/20,69566.0,0.0,0.0
769,Columbia,11,0,2,3/13/20,69566.0,0.0,0.0
838,Columbia,12,0,2,3/14/20,69566.0,0.0,0.0
907,Columbia,13,0,2,3/15/20,69566.0,0.0,0.0
976,Columbia,14,0,3,3/16/20,69566.0,0.0,0.0
1045,Columbia,15,0,3,3/17/20,69566.0,0.0,0.0
1114,Columbia,16,0,3,3/18/20,69566.0,0.0,0.0
1183,Columbia,17,0,3,3/19/20,69566.0,0.0,0.0
1252,Columbia,18,0,3,3/20/20,69566.0,0.0,0.0
1321,Columbia,19,1,3,3/21/20,69566.0,1.4374838283069316,0.0
1390,Columbia,20,1,3,3/22/20,69566.0,1.4374838283069316,0.0
1459,Columbia,21,1,4,3/23/20,69566.0,1.4374838283069316,0.0
1528,Columbia,22,0,4,3/24/20,69566.0,0.0,0.0
11,Dade,0,0,1,3/2/20,2804160.0,0.0,0.0
80,Dade,1,0,1,3/3/20,2804160.0,0.0,0.0
149,Dade,2,1,1,3/4/20,2804160.0,0.035661303206664385,0.0
218,Dade,3,0,1,3/5/20,2804160.0,0.0,0.0
287,Dade,4,0,1,3/6/20,2804160.0,0.0,0.0
356,Dade,5,0,1,3/7/20,2804160.0,0.0,0.0
425,Dade,6,0,1,3/8/20,2804160.0,0.0,0.0
494,Dade,7,0,2,3/9/20,2804160.0,0.0,0.0
563,Dade,8,0,2,3/10/20,2804160.0,0.0,0.0
632,Dade,9,0,2,3/11/20,2804160.0,0.0,0.0
701,Dade,10,1,2,3/12/20,2804160.0,0.035661303206664385,0.0
770,Dade,11,2,2,3/13/20,2804160.0,0.07132260641332877,0.6931471805599453
839,Dade,12,10,2,3/14/20,2804160.0,0.3566130320666438,2.302585092994046
908,Dade,13,8,2,3/15/20,2804160.0,0.2852904256533151,2.0794415416798357
977,Dade,14,7,3,3/16/20,2804160.0,0.2496291224466507,1.9459101490553132
1046,Dade,15,26,3,3/17/20,2804160.0,0.927193883373274,3.258096538021482
1115,Dade,16,24,3,3/18/20,2804160.0,0.8558712769599452,3.1780538303479458
1184,Dade,17,23,3,3/19/20,2804160.0,0.8202099737532809,3.1354942159291497
1253,Dade,18,23,3,3/20/20,2804160.0,0.8202099737532809,3.1354942159291497
1322,Dade,19,50,3,3/21/20,2804160.0,1.783065160333219,3.912023005428146
1391,Dade,20,87,3,3/22/20,2804160.0,3.1025333789798015,4.465908118654584
1460,Dade,21,38,4,3/23/20,2804160.0,1.3551295218532466,3.6375861597263857
1529,Dade,22,38,4,3/24/20,2804160.0,1.3551295218532466,3.6375861597263857
12,Desoto,0,0,1,3/2/20,35940.0,0.0,0.0
81,Desoto,1,0,1,3/3/20,35940.0,0.0,0.0
150,Desoto,2,0,1,3/4/20,35940.0,0.0,0.0
219,Desoto,3,0,1,3/5/20,35940.0,0.0,0.0
288,Desoto,4,0,1,3/6/20,35940.0,0.0,0.0
357,Desoto,5,0,1,3/7/20,35940.0,0.0,0.0
426,Desoto,6,0,1,3/8/20,35940.0,0.0,0.0
495,Desoto,7,0,2,3/9/20,35940.0,0.0,0.0
564,Desoto,8,0,2,3/10/20,35940.0,0.0,0.0
633,Desoto,9,0,2,3/11/20,35940.0,0.0,0.0
702,Desoto,10,0,2,3/12/20,35940.0,0.0,0.0
771,Desoto,11,0,2,3/13/20,35940.0,0.0,0.0
840,Desoto,12,0,2,3/14/20,35940.0,0.0,0.0
909,Desoto,13,0,2,3/15/20,35940.0,0.0,0.0
978,Desoto,14,0,3,3/16/20,35940.0,0.0,0.0
1047,Desoto,15,0,3,3/17/20,35940.0,0.0,0.0
1116,Desoto,16,0,3,3/18/20,35940.0,0.0,0.0
1185,Desoto,17,0,3,3/19/20,35940.0,0.0,0.0
1254,Desoto,18,0,3,3/20/20,35940.0,0.0,0.0
1323,Desoto,19,0,3,3/21/20,35940.0,0.0,0.0
1392,Desoto,20,1,3,3/22/20,35940.0,2.7824151363383414,0.0
1461,Desoto,21,0,4,3/23/20,35940.0,0.0,0.0
1530,Desoto,22,0,4,3/24/20,35940.0,0.0,0.0
46,Dixie,0,0,1,3/2/20,16767.0,0.0,0.0
115,Dixie,1,0,1,3/3/20,16767.0,0.0,0.0
184,Dixie,2,0,1,3/4/20,16767.0,0.0,0.0
253,Dixie,3,0,1,3/5/20,16767.0,0.0,0.0
322,Dixie,4,0,1,3/6/20,16767.0,0.0,0.0
391,Dixie,5,0,1,3/7/20,16767.0,0.0,0.0
460,Dixie,6,0,1,3/8/20,16767.0,0.0,0.0
529,Dixie,7,0,2,3/9/20,16767.0,0.0,0.0
598,Dixie,8,0,2,3/10/20,16767.0,0.0,0.0
667,Dixie,9,0,2,3/11/20,16767.0,0.0,0.0
736,Dixie,10,0,2,3/12/20,16767.0,0.0,0.0
805,Dixie,11,0,2,3/13/20,16767.0,0.0,0.0
874,Dixie,12,0,2,3/14/20,16767.0,0.0,0.0
943,Dixie,13,0,2,3/15/20,16767.0,0.0,0.0
1012,Dixie,14,0,3,3/16/20,16767.0,0.0,0.0
1081,Dixie,15,0,3,3/17/20,16767.0,0.0,0.0
1150,Dixie,16,0,3,3/18/20,16767.0,0.0,0.0
1219,Dixie,17,0,3,3/19/20,16767.0,0.0,0.0
1288,Dixie,18,0,3,3/20/20,16767.0,0.0,0.0
1357,Dixie,19,0,3,3/21/20,16767.0,0.0,0.0
1426,Dixie,20,0,3,3/22/20,16767.0,0.0,0.0
1495,Dixie,21,0,4,3/23/20,16767.0,0.0,0.0
1564,Dixie,22,0,4,3/24/20,16767.0,0.0,0.0
13,Duval,0,0,1,3/2/20,954454.0,0.0,0.0
82,Duval,1,0,1,3/3/20,954454.0,0.0,0.0
151,Duval,2,0,1,3/4/20,954454.0,0.0,0.0
220,Duval,3,0,1,3/5/20,954454.0,0.0,0.0
289,Duval,4,0,1,3/6/20,954454.0,0.0,0.0
358,Duval,5,0,1,3/7/20,954454.0,0.0,0.0
427,Duval,6,0,1,3/8/20,954454.0,0.0,0.0
496,Duval,7,0,2,3/9/20,954454.0,0.0,0.0
565,Duval,8,0,2,3/10/20,954454.0,0.0,0.0
634,Duval,9,0,2,3/11/20,954454.0,0.0,0.0
703,Duval,10,0,2,3/12/20,954454.0,0.0,0.0
772,Duval,11,1,2,3/13/20,954454.0,0.10477194291186376,0.0
841,Duval,12,0,2,3/14/20,954454.0,0.0,0.0
910,Duval,13,3,2,3/15/20,954454.0,0.3143158287355913,1.0986122886681098
979,Duval,14,1,3,3/16/20,954454.0,0.10477194291186376,0.0
1048,Duval,15,5,3,3/17/20,954454.0,0.5238597145593188,1.6094379124341003
1117,Duval,16,3,3,3/18/20,954454.0,0.3143158287355913,1.0986122886681098
1186,Duval,17,1,3,3/19/20,954454.0,0.10477194291186376,0.0
1255,Duval,18,4,3,3/20/20,954454.0,0.41908777164745503,1.3862943611198906
1324,Duval,19,15,3,3/21/20,954454.0,1.571579143677956,2.70805020110221
1393,Duval,20,7,3,3/22/20,954454.0,0.7334036003830462,1.9459101490553132
1462,Duval,21,10,4,3/23/20,954454.0,1.0477194291186376,2.302585092994046
1531,Duval,22,0,4,3/24/20,954454.0,0.0,0.0
14,Escambia,0,0,1,3/2/20,317051.0,0.0,0.0
83,Escambia,1,0,1,3/3/20,317051.0,0.0,0.0
152,Escambia,2,0,1,3/4/20,317051.0,0.0,0.0
221,Escambia,3,0,1,3/5/20,317051.0,0.0,0.0
290,Escambia,4,0,1,3/6/20,317051.0,0.0,0.0
359,Escambia,5,0,1,3/7/20,317051.0,0.0,0.0
428,Escambia,6,0,1,3/8/20,317051.0,0.0,0.0
497,Escambia,7,0,2,3/9/20,317051.0,0.0,0.0
566,Escambia,8,0,2,3/10/20,317051.0,0.0,0.0
635,Escambia,9,0,2,3/11/20,317051.0,0.0,0.0
704,Escambia,10,0,2,3/12/20,317051.0,0.0,0.0
773,Escambia,11,0,2,3/13/20,317051.0,0.0,0.0
842,Escambia,12,0,2,3/14/20,317051.0,0.0,0.0
911,Escambia,13,0,2,3/15/20,317051.0,0.0,0.0
980,Escambia,14,1,3,3/16/20,317051.0,0.31540666958943514,0.0
1049,Escambia,15,0,3,3/17/20,317051.0,0.0,0.0
1118,Escambia,16,0,3,3/18/20,317051.0,0.0,0.0
1187,Escambia,17,0,3,3/19/20,317051.0,0.0,0.0
1256,Escambia,18,0,3,3/20/20,317051.0,0.0,0.0
1325,Escambia,19,0,3,3/21/20,317051.0,0.0,0.0
1394,Escambia,20,4,3,3/22/20,317051.0,1.2616266783577406,1.3862943611198906
1463,Escambia,21,4,4,3/23/20,317051.0,1.2616266783577406,1.3862943611198906
1532,Escambia,22,1,4,3/24/20,317051.0,0.31540666958943514,0.0
15,Flagler,0,0,1,3/2/20,108481.0,0.0,0.0
84,Flagler,1,0,1,3/3/20,108481.0,0.0,0.0
153,Flagler,2,0,1,3/4/20,108481.0,0.0,0.0
222,Flagler,3,0,1,3/5/20,108481.0,0.0,0.0
291,Flagler,4,0,1,3/6/20,108481.0,0.0,0.0
360,Flagler,5,0,1,3/7/20,108481.0,0.0,0.0
429,Flagler,6,0,1,3/8/20,108481.0,0.0,0.0
498,Flagler,7,0,2,3/9/20,108481.0,0.0,0.0
567,Flagler,8,0,2,3/10/20,108481.0,0.0,0.0
636,Flagler,9,0,2,3/11/20,108481.0,0.0,0.0
705,Flagler,10,0,2,3/12/20,108481.0,0.0,0.0
774,Flagler,11,0,2,3/13/20,108481.0,0.0,0.0
843,Flagler,12,0,2,3/14/20,108481.0,0.0,0.0
912,Flagler,13,0,2,3/15/20,108481.0,0.0,0.0
981,Flagler,14,0,3,3/16/20,108481.0,0.0,0.0
1050,Flagler,15,0,3,3/17/20,108481.0,0.0,0.0
1119,Flagler,16,0,3,3/18/20,108481.0,0.0,0.0
1188,Flagler,17,0,3,3/19/20,108481.0,0.0,0.0
1257,Flagler,18,0,3,3/20/20,108481.0,0.0,0.0
1326,Flagler,19,0,3,3/21/20,108481.0,0.0,0.0
1395,Flagler,20,3,3,3/22/20,108481.0,2.765461232842618,1.0986122886681098
1464,Flagler,21,1,4,3/23/20,108481.0,0.9218204109475392,0.0
1533,Flagler,22,0,4,3/24/20,108481.0,0.0,0.0
68,Florida,0,2,1,3/2/20,2095705.0,0.09543327901589202,0.0
137,Florida,1,2,1,3/3/20,2095705.0,0.09543327901589202,0.6931471805599453
206,Florida,2,4,1,3/4/20,2095705.0,0.19086655803178404,1.3862943611198906
275,Florida,3,1,1,3/5/20,2095705.0,0.04771663950794601,0.0
344,Florida,4,0,1,3/6/20,2095705.0,0.0,0.0
413,Florida,5,4,1,3/7/20,2095705.0,0.19086655803178404,1.3862943611198906
482,Florida,6,1,1,3/8/20,2095705.0,0.04771663950794601,0.0
551,Florida,7,5,2,3/9/20,2095705.0,0.23858319753973006,1.6094379124341003
620,Florida,8,3,2,3/10/20,2095705.0,0.14314991852383804,1.0986122886681098
689,Florida,9,6,2,3/11/20,2095705.0,0.2862998370476761,1.791759469228055
758,Florida,10,7,2,3/12/20,2095705.0,0.3340164765556221,1.9459101490553132
827,Florida,11,24,2,3/13/20,2095705.0,1.1451993481907043,3.1780538303479458
896,Florida,12,45,2,3/14/20,2095705.0,2.1472487778575706,3.8066624897703196
965,Florida,13,33,2,3/15/20,2095705.0,1.5746491037622186,3.4965075614664802
1034,Florida,14,32,3,3/16/20,2095705.0,1.5269324642542723,3.4657359027997265
1103,Florida,15,70,3,3/17/20,2095705.0,3.340164765556221,4.248495242049359
1172,Florida,16,107,3,3/18/20,2095705.0,5.105680427350223,4.672828834461906
1241,Florida,17,88,3,3/19/20,2095705.0,4.199064276699249,4.477336814478207
1310,Florida,18,150,3,3/20/20,2095705.0,7.157495926191902,5.0106352940962555
1379,Florida,19,217,3,3/21/20,2095705.0,10.354510773224284,5.37989735354046
1448,Florida,20,308,3,3/22/20,2095705.0,14.696724968447372,5.730099782973574
1517,Florida,21,195,4,3/23/20,2095705.0,9.304744704049472,5.272999558563747
1586,Florida,22,108,4,3/24/20,2095705.0,5.15339706685817,4.68213122712422
47,Franklin,0,0,1,3/2/20,12360.0,0.0,0.0
116,Franklin,1,0,1,3/3/20,12360.0,0.0,0.0
185,Franklin,2,0,1,3/4/20,12360.0,0.0,0.0
254,Franklin,3,0,1,3/5/20,12360.0,0.0,0.0
323,Franklin,4,0,1,3/6/20,12360.0,0.0,0.0
392,Franklin,5,0,1,3/7/20,12360.0,0.0,0.0
461,Franklin,6,0,1,3/8/20,12360.0,0.0,0.0
530,Franklin,7,0,2,3/9/20,12360.0,0.0,0.0
599,Franklin,8,0,2,3/10/20,12360.0,0.0,0.0
668,Franklin,9,0,2,3/11/20,12360.0,0.0,0.0
737,Franklin,10,0,2,3/12/20,12360.0,0.0,0.0
806,Franklin,11,0,2,3/13/20,12360.0,0.0,0.0
875,Franklin,12,0,2,3/14/20,12360.0,0.0,0.0
944,Franklin,13,0,2,3/15/20,12360.0,0.0,0.0
1013,Franklin,14,0,3,3/16/20,12360.0,0.0,0.0
1082,Franklin,15,0,3,3/17/20,12360.0,0.0,0.0
1151,Franklin,16,0,3,3/18/20,12360.0,0.0,0.0
1220,Franklin,17,0,3,3/19/20,12360.0,0.0,0.0
1289,Franklin,18,0,3,3/20/20,12360.0,0.0,0.0
1358,Franklin,19,0,3,3/21/20,12360.0,0.0,0.0
1427,Franklin,20,0,3,3/22/20,12360.0,0.0,0.0
1496,Franklin,21,0,4,3/23/20,12360.0,0.0,0.0
1565,Franklin,22,0,4,3/24/20,12360.0,0.0,0.0
16,Gadsden,0,0,1,3/2/20,48173.0,0.0,0.0
85,Gadsden,1,1,1,3/3/20,48173.0,2.075851618126336,0.0
154,Gadsden,2,0,1,3/4/20,48173.0,0.0,0.0
223,Gadsden,3,0,1,3/5/20,48173.0,0.0,0.0
292,Gadsden,4,0,1,3/6/20,48173.0,0.0,0.0
361,Gadsden,5,0,1,3/7/20,48173.0,0.0,0.0
430,Gadsden,6,0,1,3/8/20,48173.0,0.0,0.0
499,Gadsden,7,0,2,3/9/20,48173.0,0.0,0.0
568,Gadsden,8,0,2,3/10/20,48173.0,0.0,0.0
637,Gadsden,9,0,2,3/11/20,48173.0,0.0,0.0
706,Gadsden,10,0,2,3/12/20,48173.0,0.0,0.0
775,Gadsden,11,0,2,3/13/20,48173.0,0.0,0.0
844,Gadsden,12,0,2,3/14/20,48173.0,0.0,0.0
913,Gadsden,13,0,2,3/15/20,48173.0,0.0,0.0
982,Gadsden,14,0,3,3/16/20,48173.0,0.0,0.0
1051,Gadsden,15,0,3,3/17/20,48173.0,0.0,0.0
1120,Gadsden,16,0,3,3/18/20,48173.0,0.0,0.0
1189,Gadsden,17,0,3,3/19/20,48173.0,0.0,0.0
1258,Gadsden,18,0,3,3/20/20,48173.0,0.0,0.0
1327,Gadsden,19,0,3,3/21/20,48173.0,0.0,0.0
1396,Gadsden,20,0,3,3/22/20,48173.0,0.0,0.0
1465,Gadsden,21,0,4,3/23/20,48173.0,0.0,0.0
1534,Gadsden,22,0,4,3/24/20,48173.0,0.0,0.0
48,Gilchrist,0,0,1,3/2/20,17578.0,0.0,0.0
117,Gilchrist,1,0,1,3/3/20,17578.0,0.0,0.0
186,Gilchrist,2,0,1,3/4/20,17578.0,0.0,0.0
255,Gilchrist,3,0,1,3/5/20,17578.0,0.0,0.0
324,Gilchrist,4,0,1,3/6/20,17578.0,0.0,0.0
393,Gilchrist,5,0,1,3/7/20,17578.0,0.0,0.0
462,Gilchrist,6,0,1,3/8/20,17578.0,0.0,0.0
531,Gilchrist,7,0,2,3/9/20,17578.0,0.0,0.0
600,Gilchrist,8,0,2,3/10/20,17578.0,0.0,0.0
669,Gilchrist,9,0,2,3/11/20,17578.0,0.0,0.0
738,Gilchrist,10,0,2,3/12/20,17578.0,0.0,0.0
807,Gilchrist,11,0,2,3/13/20,17578.0,0.0,0.0
876,Gilchrist,12,0,2,3/14/20,17578.0,0.0,0.0
945,Gilchrist,13,0,2,3/15/20,17578.0,0.0,0.0
1014,Gilchrist,14,0,3,3/16/20,17578.0,0.0,0.0
1083,Gilchrist,15,0,3,3/17/20,17578.0,0.0,0.0
1152,Gilchrist,16,0,3,3/18/20,17578.0,0.0,0.0
1221,Gilchrist,17,0,3,3/19/20,17578.0,0.0,0.0
1290,Gilchrist,18,0,3,3/20/20,17578.0,0.0,0.0
1359,Gilchrist,19,0,3,3/21/20,17578.0,0.0,0.0
1428,Gilchrist,20,0,3,3/22/20,17578.0,0.0,0.0
1497,Gilchrist,21,0,4,3/23/20,17578.0,0.0,0.0
1566,Gilchrist,22,0,4,3/24/20,17578.0,0.0,0.0
49,Glades,0,0,1,3/2/20,13193.0,0.0,0.0
118,Glades,1,0,1,3/3/20,13193.0,0.0,0.0
187,Glades,2,0,1,3/4/20,13193.0,0.0,0.0
256,Glades,3,0,1,3/5/20,13193.0,0.0,0.0
325,Glades,4,0,1,3/6/20,13193.0,0.0,0.0
394,Glades,5,0,1,3/7/20,13193.0,0.0,0.0
463,Glades,6,0,1,3/8/20,13193.0,0.0,0.0
532,Glades,7,0,2,3/9/20,13193.0,0.0,0.0
601,Glades,8,0,2,3/10/20,13193.0,0.0,0.0
670,Glades,9,0,2,3/11/20,13193.0,0.0,0.0
739,Glades,10,0,2,3/12/20,13193.0,0.0,0.0
808,Glades,11,0,2,3/13/20,13193.0,0.0,0.0
877,Glades,12,0,2,3/14/20,13193.0,0.0,0.0
946,Glades,13,0,2,3/15/20,13193.0,0.0,0.0
1015,Glades,14,0,3,3/16/20,13193.0,0.0,0.0
1084,Glades,15,0,3,3/17/20,13193.0,0.0,0.0
1153,Glades,16,0,3,3/18/20,13193.0,0.0,0.0
1222,Glades,17,0,3,3/19/20,13193.0,0.0,0.0
1291,Glades,18,0,3,3/20/20,13193.0,0.0,0.0
1360,Glades,19,0,3,3/21/20,13193.0,0.0,0.0
1429,Glades,20,0,3,3/22/20,13193.0,0.0,0.0
1498,Glades,21,0,4,3/23/20,13193.0,0.0,0.0
1567,Glades,22,0,4,3/24/20,13193.0,0.0,0.0
50,Gulf,0,0,1,3/2/20,16235.0,0.0,0.0
119,Gulf,1,0,1,3/3/20,16235.0,0.0,0.0
188,Gulf,2,0,1,3/4/20,16235.0,0.0,0.0
257,Gulf,3,0,1,3/5/20,16235.0,0.0,0.0
326,Gulf,4,0,1,3/6/20,16235.0,0.0,0.0
395,Gulf,5,0,1,3/7/20,16235.0,0.0,0.0
464,Gulf,6,0,1,3/8/20,16235.0,0.0,0.0
533,Gulf,7,0,2,3/9/20,16235.0,0.0,0.0
602,Gulf,8,0,2,3/10/20,16235.0,0.0,0.0
671,Gulf,9,0,2,3/11/20,16235.0,0.0,0.0
740,Gulf,10,0,2,3/12/20,16235.0,0.0,0.0
809,Gulf,11,0,2,3/13/20,16235.0,0.0,0.0
878,Gulf,12,0,2,3/14/20,16235.0,0.0,0.0
947,Gulf,13,0,2,3/15/20,16235.0,0.0,0.0
1016,Gulf,14,0,3,3/16/20,16235.0,0.0,0.0
1085,Gulf,15,0,3,3/17/20,16235.0,0.0,0.0
1154,Gulf,16,0,3,3/18/20,16235.0,0.0,0.0
1223,Gulf,17,0,3,3/19/20,16235.0,0.0,0.0
1292,Gulf,18,0,3,3/20/20,16235.0,0.0,0.0
1361,Gulf,19,0,3,3/21/20,16235.0,0.0,0.0
1430,Gulf,20,0,3,3/22/20,16235.0,0.0,0.0
1499,Gulf,21,0,4,3/23/20,16235.0,0.0,0.0
1568,Gulf,22,0,4,3/24/20,16235.0,0.0,0.0
51,Hamilton,0,0,1,3/2/20,14706.0,0.0,0.0
120,Hamilton,1,0,1,3/3/20,14706.0,0.0,0.0
189,Hamilton,2,0,1,3/4/20,14706.0,0.0,0.0
258,Hamilton,3,0,1,3/5/20,14706.0,0.0,0.0
327,Hamilton,4,0,1,3/6/20,14706.0,0.0,0.0
396,Hamilton,5,0,1,3/7/20,14706.0,0.0,0.0
465,Hamilton,6,0,1,3/8/20,14706.0,0.0,0.0
534,Hamilton,7,0,2,3/9/20,14706.0,0.0,0.0
603,Hamilton,8,0,2,3/10/20,14706.0,0.0,0.0
672,Hamilton,9,0,2,3/11/20,14706.0,0.0,0.0
741,Hamilton,10,0,2,3/12/20,14706.0,0.0,0.0
810,Hamilton,11,0,2,3/13/20,14706.0,0.0,0.0
879,Hamilton,12,0,2,3/14/20,14706.0,0.0,0.0
948,Hamilton,13,0,2,3/15/20,14706.0,0.0,0.0
1017,Hamilton,14,0,3,3/16/20,14706.0,0.0,0.0
1086,Hamilton,15,0,3,3/17/20,14706.0,0.0,0.0
1155,Hamilton,16,0,3,3/18/20,14706.0,0.0,0.0
1224,Hamilton,17,0,3,3/19/20,14706.0,0.0,0.0
1293,Hamilton,18,0,3,3/20/20,14706.0,0.0,0.0
1362,Hamilton,19,0,3,3/21/20,14706.0,0.0,0.0
1431,Hamilton,20,0,3,3/22/20,14706.0,0.0,0.0
1500,Hamilton,21,0,4,3/23/20,14706.0,0.0,0.0
1569,Hamilton,22,0,4,3/24/20,14706.0,0.0,0.0
52,Hardee,0,0,1,3/2/20,27436.0,0.0,0.0
121,Hardee,1,0,1,3/3/20,27436.0,0.0,0.0
190,Hardee,2,0,1,3/4/20,27436.0,0.0,0.0
259,Hardee,3,0,1,3/5/20,27436.0,0.0,0.0
328,Hardee,4,0,1,3/6/20,27436.0,0.0,0.0
397,Hardee,5,0,1,3/7/20,27436.0,0.0,0.0
466,Hardee,6,0,1,3/8/20,27436.0,0.0,0.0
535,Hardee,7,0,2,3/9/20,27436.0,0.0,0.0
604,Hardee,8,0,2,3/10/20,27436.0,0.0,0.0
673,Hardee,9,0,2,3/11/20,27436.0,0.0,0.0
742,Hardee,10,0,2,3/12/20,27436.0,0.0,0.0
811,Hardee,11,0,2,3/13/20,27436.0,0.0,0.0
880,Hardee,12,0,2,3/14/20,27436.0,0.0,0.0
949,Hardee,13,0,2,3/15/20,27436.0,0.0,0.0
1018,Hardee,14,0,3,3/16/20,27436.0,0.0,0.0
1087,Hardee,15,0,3,3/17/20,27436.0,0.0,0.0
1156,Hardee,16,0,3,3/18/20,27436.0,0.0,0.0
1225,Hardee,17,0,3,3/19/20,27436.0,0.0,0.0
1294,Hardee,18,0,3,3/20/20,27436.0,0.0,0.0
1363,Hardee,19,0,3,3/21/20,27436.0,0.0,0.0
1432,Hardee,20,0,3,3/22/20,27436.0,0.0,0.0
1501,Hardee,21,0,4,3/23/20,27436.0,0.0,0.0
1570,Hardee,22,0,4,3/24/20,27436.0,0.0,0.0
53,Hendry,0,0,1,3/2/20,39682.0,0.0,0.0
122,Hendry,1,0,1,3/3/20,39682.0,0.0,0.0
191,Hendry,2,0,1,3/4/20,39682.0,0.0,0.0
260,Hendry,3,0,1,3/5/20,39682.0,0.0,0.0
329,Hendry,4,0,1,3/6/20,39682.0,0.0,0.0
398,Hendry,5,0,1,3/7/20,39682.0,0.0,0.0
467,Hendry,6,0,1,3/8/20,39682.0,0.0,0.0
536,Hendry,7,0,2,3/9/20,39682.0,0.0,0.0
605,Hendry,8,0,2,3/10/20,39682.0,0.0,0.0
674,Hendry,9,0,2,3/11/20,39682.0,0.0,0.0
743,Hendry,10,0,2,3/12/20,39682.0,0.0,0.0
812,Hendry,11,0,2,3/13/20,39682.0,0.0,0.0
881,Hendry,12,0,2,3/14/20,39682.0,0.0,0.0
950,Hendry,13,0,2,3/15/20,39682.0,0.0,0.0
1019,Hendry,14,0,3,3/16/20,39682.0,0.0,0.0
1088,Hendry,15,0,3,3/17/20,39682.0,0.0,0.0
1157,Hendry,16,0,3,3/18/20,39682.0,0.0,0.0
1226,Hendry,17,0,3,3/19/20,39682.0,0.0,0.0
1295,Hendry,18,0,3,3/20/20,39682.0,0.0,0.0
1364,Hendry,19,0,3,3/21/20,39682.0,0.0,0.0
1433,Hendry,20,0,3,3/22/20,39682.0,0.0,0.0
1502,Hendry,21,0,4,3/23/20,39682.0,0.0,0.0
1571,Hendry,22,0,4,3/24/20,39682.0,0.0,0.0
17,Hernando,0,0,1,3/2/20,185421.0,0.0,0.0
86,Hernando,1,0,1,3/3/20,185421.0,0.0,0.0
155,Hernando,2,0,1,3/4/20,185421.0,0.0,0.0
224,Hernando,3,0,1,3/5/20,185421.0,0.0,0.0
293,Hernando,4,0,1,3/6/20,185421.0,0.0,0.0
362,Hernando,5,0,1,3/7/20,185421.0,0.0,0.0
431,Hernando,6,0,1,3/8/20,185421.0,0.0,0.0
500,Hernando,7,0,2,3/9/20,185421.0,0.0,0.0
569,Hernando,8,0,2,3/10/20,185421.0,0.0,0.0
638,Hernando,9,0,2,3/11/20,185421.0,0.0,0.0
707,Hernando,10,0,2,3/12/20,185421.0,0.0,0.0
776,Hernando,11,0,2,3/13/20,185421.0,0.0,0.0
845,Hernando,12,0,2,3/14/20,185421.0,0.0,0.0
914,Hernando,13,0,2,3/15/20,185421.0,0.0,0.0
983,Hernando,14,0,3,3/16/20,185421.0,0.0,0.0
1052,Hernando,15,0,3,3/17/20,185421.0,0.0,0.0
1121,Hernando,16,0,3,3/18/20,185421.0,0.0,0.0
1190,Hernando,17,4,3,3/19/20,185421.0,2.157252954088264,1.3862943611198906
1259,Hernando,18,0,3,3/20/20,185421.0,0.0,0.0
1328,Hernando,19,1,3,3/21/20,185421.0,0.539313238522066,0.0
1397,Hernando,20,0,3,3/22/20,185421.0,0.0,0.0
1466,Hernando,21,0,4,3/23/20,185421.0,0.0,0.0
1535,Hernando,22,0,4,3/24/20,185421.0,0.0,0.0
18,Highlands,0,0,1,3/2/20,103317.0,0.0,0.0
87,Highlands,1,0,1,3/3/20,103317.0,0.0,0.0
156,Highlands,2,0,1,3/4/20,103317.0,0.0,0.0
225,Highlands,3,0,1,3/5/20,103317.0,0.0,0.0
294,Highlands,4,0,1,3/6/20,103317.0,0.0,0.0
363,Highlands,5,0,1,3/7/20,103317.0,0.0,0.0
432,Highlands,6,0,1,3/8/20,103317.0,0.0,0.0
501,Highlands,7,0,2,3/9/20,103317.0,0.0,0.0
570,Highlands,8,0,2,3/10/20,103317.0,0.0,0.0
639,Highlands,9,0,2,3/11/20,103317.0,0.0,0.0
708,Highlands,10,0,2,3/12/20,103317.0,0.0,0.0
777,Highlands,11,0,2,3/13/20,103317.0,0.0,0.0
846,Highlands,12,0,2,3/14/20,103317.0,0.0,0.0
915,Highlands,13,0,2,3/15/20,103317.0,0.0,0.0
984,Highlands,14,0,3,3/16/20,103317.0,0.0,0.0
1053,Highlands,15,0,3,3/17/20,103317.0,0.0,0.0
1122,Highlands,16,0,3,3/18/20,103317.0,0.0,0.0
1191,Highlands,17,0,3,3/19/20,103317.0,0.0,0.0
1260,Highlands,18,0,3,3/20/20,103317.0,0.0,0.0
1329,Highlands,19,1,3,3/21/20,103317.0,0.9678949253269066,0.0
1398,Highlands,20,1,3,3/22/20,103317.0,0.9678949253269066,0.0
1467,Highlands,21,1,4,3/23/20,103317.0,0.9678949253269066,0.0
1536,Highlands,22,1,4,3/24/20,103317.0,0.9678949253269066,0.0
19,Hillsborough,0,1,1,3/2/20,1419285.0,0.07045801230901474,0.0
88,Hillsborough,1,1,1,3/3/20,1419285.0,0.07045801230901474,0.0
157,Hillsborough,2,0,1,3/4/20,1419285.0,0.0,0.0
226,Hillsborough,3,0,1,3/5/20,1419285.0,0.0,0.0
295,Hillsborough,4,0,1,3/6/20,1419285.0,0.0,0.0
364,Hillsborough,5,0,1,3/7/20,1419285.0,0.0,0.0
433,Hillsborough,6,0,1,3/8/20,1419285.0,0.0,0.0
502,Hillsborough,7,0,2,3/9/20,1419285.0,0.0,0.0
571,Hillsborough,8,0,2,3/10/20,1419285.0,0.0,0.0
640,Hillsborough,9,0,2,3/11/20,1419285.0,0.0,0.0
709,Hillsborough,10,0,2,3/12/20,1419285.0,0.0,0.0
778,Hillsborough,11,1,2,3/13/20,1419285.0,0.07045801230901474,0.0
847,Hillsborough,12,3,2,3/14/20,1419285.0,0.21137403692704423,1.0986122886681098
916,Hillsborough,13,0,2,3/15/20,1419285.0,0.0,0.0
985,Hillsborough,14,0,3,3/16/20,1419285.0,0.0,0.0
1054,Hillsborough,15,6,3,3/17/20,1419285.0,0.42274807385408847,1.791759469228055
1123,Hillsborough,16,2,3,3/18/20,1419285.0,0.1409160246180295,0.6931471805599453
1192,Hillsborough,17,5,3,3/19/20,1419285.0,0.35229006154507375,1.6094379124341003
1261,Hillsborough,18,14,3,3/20/20,1419285.0,0.9864121723262066,2.6390573296152584
1330,Hillsborough,19,17,3,3/21/20,1419285.0,1.1977862092532507,2.833213344056216
1399,Hillsborough,20,15,3,3/22/20,1419285.0,1.0568701846352213,2.70805020110221
1468,Hillsborough,21,19,4,3/23/20,1419285.0,1.3387022338712804,2.9444389791664403
1537,Hillsborough,22,7,4,3/24/20,1419285.0,0.4932060861631033,1.9459101490553132
54,Holmes,0,0,1,3/2/20,20404.0,0.0,0.0
123,Holmes,1,0,1,3/3/20,20404.0,0.0,0.0
192,Holmes,2,0,1,3/4/20,20404.0,0.0,0.0
261,Holmes,3,0,1,3/5/20,20404.0,0.0,0.0
330,Holmes,4,0,1,3/6/20,20404.0,0.0,0.0
399,Holmes,5,0,1,3/7/20,20404.0,0.0,0.0
468,Holmes,6,0,1,3/8/20,20404.0,0.0,0.0
537,Holmes,7,0,2,3/9/20,20404.0,0.0,0.0
606,Holmes,8,0,2,3/10/20,20404.0,0.0,0.0
675,Holmes,9,0,2,3/11/20,20404.0,0.0,0.0
744,Holmes,10,0,2,3/12/20,20404.0,0.0,0.0
813,Holmes,11,0,2,3/13/20,20404.0,0.0,0.0
882,Holmes,12,0,2,3/14/20,20404.0,0.0,0.0
951,Holmes,13,0,2,3/15/20,20404.0,0.0,0.0
1020,Holmes,14,0,3,3/16/20,20404.0,0.0,0.0
1089,Holmes,15,0,3,3/17/20,20404.0,0.0,0.0
1158,Holmes,16,0,3,3/18/20,20404.0,0.0,0.0
1227,Holmes,17,0,3,3/19/20,20404.0,0.0,0.0
1296,Holmes,18,0,3,3/20/20,20404.0,0.0,0.0
1365,Holmes,19,0,3,3/21/20,20404.0,0.0,0.0
1434,Holmes,20,0,3,3/22/20,20404.0,0.0,0.0
1503,Holmes,21,0,4,3/23/20,20404.0,0.0,0.0
1572,Holmes,22,0,4,3/24/20,20404.0,0.0,0.0
20,Indian River,0,0,1,3/2/20,152079.0,0.0,0.0
89,Indian River,1,0,1,3/3/20,152079.0,0.0,0.0
158,Indian River,2,0,1,3/4/20,152079.0,0.0,0.0
227,Indian River,3,0,1,3/5/20,152079.0,0.0,0.0
296,Indian River,4,0,1,3/6/20,152079.0,0.0,0.0
365,Indian River,5,0,1,3/7/20,152079.0,0.0,0.0
434,Indian River,6,0,1,3/8/20,152079.0,0.0,0.0
503,Indian River,7,0,2,3/9/20,152079.0,0.0,0.0
572,Indian River,8,0,2,3/10/20,152079.0,0.0,0.0
641,Indian River,9,0,2,3/11/20,152079.0,0.0,0.0
710,Indian River,10,0,2,3/12/20,152079.0,0.0,0.0
779,Indian River,11,0,2,3/13/20,152079.0,0.0,0.0
848,Indian River,12,0,2,3/14/20,152079.0,0.0,0.0
917,Indian River,13,0,2,3/15/20,152079.0,0.0,0.0
986,Indian River,14,0,3,3/16/20,152079.0,0.0,0.0
1055,Indian River,15,0,3,3/17/20,152079.0,0.0,0.0
1124,Indian River,16,0,3,3/18/20,152079.0,0.0,0.0
1193,Indian River,17,1,3,3/19/20,152079.0,0.6575529823315514,0.0
1262,Indian River,18,2,3,3/20/20,152079.0,1.3151059646631027,0.6931471805599453
1331,Indian River,19,3,3,3/21/20,152079.0,1.9726589469946543,1.0986122886681098
1400,Indian River,20,2,3,3/22/20,152079.0,1.3151059646631027,0.6931471805599453
1469,Indian River,21,2,4,3/23/20,152079.0,1.3151059646631027,0.6931471805599453
1538,Indian River,22,1,4,3/24/20,152079.0,0.6575529823315514,0.0
21,Jackson,0,0,1,3/2/20,50689.0,0.0,0.0
90,Jackson,1,0,1,3/3/20,50689.0,0.0,0.0
159,Jackson,2,0,1,3/4/20,50689.0,0.0,0.0
228,Jackson,3,0,1,3/5/20,50689.0,0.0,0.0
297,Jackson,4,0,1,3/6/20,50689.0,0.0,0.0
366,Jackson,5,0,1,3/7/20,50689.0,0.0,0.0
435,Jackson,6,0,1,3/8/20,50689.0,0.0,0.0
504,Jackson,7,0,2,3/9/20,50689.0,0.0,0.0
573,Jackson,8,0,2,3/10/20,50689.0,0.0,0.0
642,Jackson,9,0,2,3/11/20,50689.0,0.0,0.0
711,Jackson,10,0,2,3/12/20,50689.0,0.0,0.0
780,Jackson,11,0,2,3/13/20,50689.0,0.0,0.0
849,Jackson,12,0,2,3/14/20,50689.0,0.0,0.0
918,Jackson,13,0,2,3/15/20,50689.0,0.0,0.0
987,Jackson,14,0,3,3/16/20,50689.0,0.0,0.0
1056,Jackson,15,0,3,3/17/20,50689.0,0.0,0.0
1125,Jackson,16,0,3,3/18/20,50689.0,0.0,0.0
1194,Jackson,17,1,3,3/19/20,50689.0,1.972814614610665,0.0
1263,Jackson,18,0,3,3/20/20,50689.0,0.0,0.0
1332,Jackson,19,0,3,3/21/20,50689.0,0.0,0.0
1401,Jackson,20,0,3,3/22/20,50689.0,0.0,0.0
1470,Jackson,21,0,4,3/23/20,50689.0,0.0,0.0
1539,Jackson,22,0,4,3/24/20,50689.0,0.0,0.0
55,Jefferson,0,0,1,3/2/20,14725.0,0.0,0.0
124,Jefferson,1,0,1,3/3/20,14725.0,0.0,0.0
193,Jefferson,2,0,1,3/4/20,14725.0,0.0,0.0
262,Jefferson,3,0,1,3/5/20,14725.0,0.0,0.0
331,Jefferson,4,0,1,3/6/20,14725.0,0.0,0.0
400,Jefferson,5,0,1,3/7/20,14725.0,0.0,0.0
469,Jefferson,6,0,1,3/8/20,14725.0,0.0,0.0
538,Jefferson,7,0,2,3/9/20,14725.0,0.0,0.0
607,Jefferson,8,0,2,3/10/20,14725.0,0.0,0.0
676,Jefferson,9,0,2,3/11/20,14725.0,0.0,0.0
745,Jefferson,10,0,2,3/12/20,14725.0,0.0,0.0
814,Jefferson,11,0,2,3/13/20,14725.0,0.0,0.0
883,Jefferson,12,0,2,3/14/20,14725.0,0.0,0.0
952,Jefferson,13,0,2,3/15/20,14725.0,0.0,0.0
1021,Jefferson,14,0,3,3/16/20,14725.0,0.0,0.0
1090,Jefferson,15,0,3,3/17/20,14725.0,0.0,0.0
1159,Jefferson,16,0,3,3/18/20,14725.0,0.0,0.0
1228,Jefferson,17,0,3,3/19/20,14725.0,0.0,0.0
1297,Jefferson,18,0,3,3/20/20,14725.0,0.0,0.0
1366,Jefferson,19,0,3,3/21/20,14725.0,0.0,0.0
1435,Jefferson,20,0,3,3/22/20,14725.0,0.0,0.0
1504,Jefferson,21,0,4,3/23/20,14725.0,0.0,0.0
1573,Jefferson,22,0,4,3/24/20,14725.0,0.0,0.0
56,Lafayette,0,0,1,3/2/20,8367.0,0.0,0.0
125,Lafayette,1,0,1,3/3/20,8367.0,0.0,0.0
194,Lafayette,2,0,1,3/4/20,8367.0,0.0,0.0
263,Lafayette,3,0,1,3/5/20,8367.0,0.0,0.0
332,Lafayette,4,0,1,3/6/20,8367.0,0.0,0.0
401,Lafayette,5,0,1,3/7/20,8367.0,0.0,0.0
470,Lafayette,6,0,1,3/8/20,8367.0,0.0,0.0
539,Lafayette,7,0,2,3/9/20,8367.0,0.0,0.0
608,Lafayette,8,0,2,3/10/20,8367.0,0.0,0.0
677,Lafayette,9,0,2,3/11/20,8367.0,0.0,0.0
746,Lafayette,10,0,2,3/12/20,8367.0,0.0,0.0
815,Lafayette,11,0,2,3/13/20,8367.0,0.0,0.0
884,Lafayette,12,0,2,3/14/20,8367.0,0.0,0.0
953,Lafayette,13,0,2,3/15/20,8367.0,0.0,0.0
1022,Lafayette,14,0,3,3/16/20,8367.0,0.0,0.0
1091,Lafayette,15,0,3,3/17/20,8367.0,0.0,0.0
1160,Lafayette,16,0,3,3/18/20,8367.0,0.0,0.0
1229,Lafayette,17,0,3,3/19/20,8367.0,0.0,0.0
1298,Lafayette,18,0,3,3/20/20,8367.0,0.0,0.0
1367,Lafayette,19,0,3,3/21/20,8367.0,0.0,0.0
1436,Lafayette,20,0,3,3/22/20,8367.0,0.0,0.0
1505,Lafayette,21,0,4,3/23/20,8367.0,0.0,0.0
1574,Lafayette,22,0,4,3/24/20,8367.0,0.0,0.0
22,Lake,0,0,1,3/2/20,342356.0,0.0,0.0
91,Lake,1,0,1,3/3/20,342356.0,0.0,0.0
160,Lake,2,0,1,3/4/20,342356.0,0.0,0.0
229,Lake,3,0,1,3/5/20,342356.0,0.0,0.0
298,Lake,4,0,1,3/6/20,342356.0,0.0,0.0
367,Lake,5,0,1,3/7/20,342356.0,0.0,0.0
436,Lake,6,0,1,3/8/20,342356.0,0.0,0.0
505,Lake,7,0,2,3/9/20,342356.0,0.0,0.0
574,Lake,8,0,2,3/10/20,342356.0,0.0,0.0
643,Lake,9,0,2,3/11/20,342356.0,0.0,0.0
712,Lake,10,0,2,3/12/20,342356.0,0.0,0.0
781,Lake,11,1,2,3/13/20,342356.0,0.29209361016018415,0.0
850,Lake,12,0,2,3/14/20,342356.0,0.0,0.0
919,Lake,13,0,2,3/15/20,342356.0,0.0,0.0
988,Lake,14,0,3,3/16/20,342356.0,0.0,0.0
1057,Lake,15,1,3,3/17/20,342356.0,0.29209361016018415,0.0
1126,Lake,16,0,3,3/18/20,342356.0,0.0,0.0
1195,Lake,17,1,3,3/19/20,342356.0,0.29209361016018415,0.0
1264,Lake,18,0,3,3/20/20,342356.0,0.0,0.0
1333,Lake,19,2,3,3/21/20,342356.0,0.5841872203203683,0.6931471805599453
1402,Lake,20,3,3,3/22/20,342356.0,0.8762808304805525,1.0986122886681098
1471,Lake,21,6,4,3/23/20,342356.0,1.752561660961105,1.791759469228055
1540,Lake,22,0,4,3/24/20,342356.0,0.0,0.0
23,Lee,0,0,1,3/2/20,721053.0,0.0,0.0
92,Lee,1,0,1,3/3/20,721053.0,0.0,0.0
161,Lee,2,0,1,3/4/20,721053.0,0.0,0.0
230,Lee,3,0,1,3/5/20,721053.0,0.0,0.0
299,Lee,4,0,1,3/6/20,721053.0,0.0,0.0
368,Lee,5,2,1,3/7/20,721053.0,0.27737212105074105,0.6931471805599453
437,Lee,6,0,1,3/8/20,721053.0,0.0,0.0
506,Lee,7,0,2,3/9/20,721053.0,0.0,0.0
575,Lee,8,0,2,3/10/20,721053.0,0.0,0.0
644,Lee,9,0,2,3/11/20,721053.0,0.0,0.0
713,Lee,10,1,2,3/12/20,721053.0,0.13868606052537052,0.0
782,Lee,11,1,2,3/13/20,721053.0,0.13868606052537052,0.0
851,Lee,12,1,2,3/14/20,721053.0,0.13868606052537052,0.0
920,Lee,13,1,2,3/15/20,721053.0,0.13868606052537052,0.0
989,Lee,14,1,3,3/16/20,721053.0,0.13868606052537052,0.0
1058,Lee,15,2,3,3/17/20,721053.0,0.27737212105074105,0.6931471805599453
1127,Lee,16,2,3,3/18/20,721053.0,0.27737212105074105,0.6931471805599453
1196,Lee,17,2,3,3/19/20,721053.0,0.27737212105074105,0.6931471805599453
1265,Lee,18,1,3,3/20/20,721053.0,0.13868606052537052,0.0
1334,Lee,19,4,3,3/21/20,721053.0,0.5547442421014821,1.3862943611198906
1403,Lee,20,10,3,3/22/20,721053.0,1.3868606052537054,2.302585092994046
1472,Lee,21,3,4,3/23/20,721053.0,0.41605818157611163,1.0986122886681098
1541,Lee,22,1,4,3/24/20,721053.0,0.13868606052537052,0.0
24,Leon,0,0,1,3/2/20,290223.0,0.0,0.0
93,Leon,1,0,1,3/3/20,290223.0,0.0,0.0
162,Leon,2,1,1,3/4/20,290223.0,0.3445626294263377,0.0
231,Leon,3,0,1,3/5/20,290223.0,0.0,0.0
300,Leon,4,0,1,3/6/20,290223.0,0.0,0.0
369,Leon,5,0,1,3/7/20,290223.0,0.0,0.0
438,Leon,6,0,1,3/8/20,290223.0,0.0,0.0
507,Leon,7,0,2,3/9/20,290223.0,0.0,0.0
576,Leon,8,0,2,3/10/20,290223.0,0.0,0.0
645,Leon,9,0,2,3/11/20,290223.0,0.0,0.0
714,Leon,10,0,2,3/12/20,290223.0,0.0,0.0
783,Leon,11,0,2,3/13/20,290223.0,0.0,0.0
852,Leon,12,0,2,3/14/20,290223.0,0.0,0.0
921,Leon,13,0,2,3/15/20,290223.0,0.0,0.0
990,Leon,14,0,3,3/16/20,290223.0,0.0,0.0
1059,Leon,15,0,3,3/17/20,290223.0,0.0,0.0
1128,Leon,16,3,3,3/18/20,290223.0,1.033687888279013,1.0986122886681098
1197,Leon,17,0,3,3/19/20,290223.0,0.0,0.0
1266,Leon,18,0,3,3/20/20,290223.0,0.0,0.0
1335,Leon,19,1,3,3/21/20,290223.0,0.3445626294263377,0.0
1404,Leon,20,1,3,3/22/20,290223.0,0.3445626294263377,0.0
1473,Leon,21,0,4,3/23/20,290223.0,0.0,0.0
1542,Leon,22,2,4,3/24/20,290223.0,0.6891252588526754,0.6931471805599453
57,Levy,0,0,1,3/2/20,41550.0,0.0,0.0
126,Levy,1,0,1,3/3/20,41550.0,0.0,0.0
195,Levy,2,0,1,3/4/20,41550.0,0.0,0.0
264,Levy,3,0,1,3/5/20,41550.0,0.0,0.0
333,Levy,4,0,1,3/6/20,41550.0,0.0,0.0
402,Levy,5,0,1,3/7/20,41550.0,0.0,0.0
471,Levy,6,0,1,3/8/20,41550.0,0.0,0.0
540,Levy,7,0,2,3/9/20,41550.0,0.0,0.0
609,Levy,8,0,2,3/10/20,41550.0,0.0,0.0
678,Levy,9,0,2,3/11/20,41550.0,0.0,0.0
747,Levy,10,0,2,3/12/20,41550.0,0.0,0.0
816,Levy,11,0,2,3/13/20,41550.0,0.0,0.0
885,Levy,12,0,2,3/14/20,41550.0,0.0,0.0
954,Levy,13,0,2,3/15/20,41550.0,0.0,0.0
1023,Levy,14,0,3,3/16/20,41550.0,0.0,0.0
1092,Levy,15,0,3,3/17/20,41550.0,0.0,0.0
1161,Levy,16,0,3,3/18/20,41550.0,0.0,0.0
1230,Levy,17,0,3,3/19/20,41550.0,0.0,0.0
1299,Levy,18,0,3,3/20/20,41550.0,0.0,0.0
1368,Levy,19,0,3,3/21/20,41550.0,0.0,0.0
1437,Levy,20,0,3,3/22/20,41550.0,0.0,0.0
1506,Levy,21,0,4,3/23/20,41550.0,0.0,0.0
1575,Levy,22,0,4,3/24/20,41550.0,0.0,0.0
58,Liberty,0,0,1,3/2/20,8781.0,0.0,0.0
127,Liberty,1,0,1,3/3/20,8781.0,0.0,0.0
196,Liberty,2,0,1,3/4/20,8781.0,0.0,0.0
265,Liberty,3,0,1,3/5/20,8781.0,0.0,0.0
334,Liberty,4,0,1,3/6/20,8781.0,0.0,0.0
403,Liberty,5,0,1,3/7/20,8781.0,0.0,0.0
472,Liberty,6,0,1,3/8/20,8781.0,0.0,0.0
541,Liberty,7,0,2,3/9/20,8781.0,0.0,0.0
610,Liberty,8,0,2,3/10/20,8781.0,0.0,0.0
679,Liberty,9,0,2,3/11/20,8781.0,0.0,0.0
748,Liberty,10,0,2,3/12/20,8781.0,0.0,0.0
817,Liberty,11,0,2,3/13/20,8781.0,0.0,0.0
886,Liberty,12,0,2,3/14/20,8781.0,0.0,0.0
955,Liberty,13,0,2,3/15/20,8781.0,0.0,0.0
1024,Liberty,14,0,3,3/16/20,8781.0,0.0,0.0
1093,Liberty,15,0,3,3/17/20,8781.0,0.0,0.0
1162,Liberty,16,0,3,3/18/20,8781.0,0.0,0.0
1231,Liberty,17,0,3,3/19/20,8781.0,0.0,0.0
1300,Liberty,18,0,3,3/20/20,8781.0,0.0,0.0
1369,Liberty,19,0,3,3/21/20,8781.0,0.0,0.0
1438,Liberty,20,0,3,3/22/20,8781.0,0.0,0.0
1507,Liberty,21,0,4,3/23/20,8781.0,0.0,0.0
1576,Liberty,22,0,4,3/24/20,8781.0,0.0,0.0
59,Madison,0,0,1,3/2/20,19420.0,0.0,0.0
128,Madison,1,0,1,3/3/20,19420.0,0.0,0.0
197,Madison,2,0,1,3/4/20,19420.0,0.0,0.0
266,Madison,3,0,1,3/5/20,19420.0,0.0,0.0
335,Madison,4,0,1,3/6/20,19420.0,0.0,0.0
404,Madison,5,0,1,3/7/20,19420.0,0.0,0.0
473,Madison,6,0,1,3/8/20,19420.0,0.0,0.0
542,Madison,7,0,2,3/9/20,19420.0,0.0,0.0
611,Madison,8,0,2,3/10/20,19420.0,0.0,0.0
680,Madison,9,0,2,3/11/20,19420.0,0.0,0.0
749,Madison,10,0,2,3/12/20,19420.0,0.0,0.0
818,Madison,11,0,2,3/13/20,19420.0,0.0,0.0
887,Madison,12,0,2,3/14/20,19420.0,0.0,0.0
956,Madison,13,0,2,3/15/20,19420.0,0.0,0.0
1025,Madison,14,0,3,3/16/20,19420.0,0.0,0.0
1094,Madison,15,0,3,3/17/20,19420.0,0.0,0.0
1163,Madison,16,0,3,3/18/20,19420.0,0.0,0.0
1232,Madison,17,0,3,3/19/20,19420.0,0.0,0.0
1301,Madison,18,0,3,3/20/20,19420.0,0.0,0.0
1370,Madison,19,0,3,3/21/20,19420.0,0.0,0.0
1439,Madison,20,0,3,3/22/20,19420.0,0.0,0.0
1508,Madison,21,0,4,3/23/20,19420.0,0.0,0.0
1577,Madison,22,0,4,3/24/20,19420.0,0.0,0.0
25,Manatee,0,1,1,3/2/20,381071.0,0.2624182895051053,0.0
94,Manatee,1,0,1,3/3/20,381071.0,0.0,0.0
163,Manatee,2,0,1,3/4/20,381071.0,0.0,0.0
232,Manatee,3,0,1,3/5/20,381071.0,0.0,0.0
301,Manatee,4,0,1,3/6/20,381071.0,0.0,0.0
370,Manatee,5,0,1,3/7/20,381071.0,0.0,0.0
439,Manatee,6,0,1,3/8/20,381071.0,0.0,0.0
508,Manatee,7,1,2,3/9/20,381071.0,0.2624182895051053,0.0
577,Manatee,8,0,2,3/10/20,381071.0,0.0,0.0
646,Manatee,9,0,2,3/11/20,381071.0,0.0,0.0
715,Manatee,10,0,2,3/12/20,381071.0,0.0,0.0
784,Manatee,11,0,2,3/13/20,381071.0,0.0,0.0
853,Manatee,12,2,2,3/14/20,381071.0,0.5248365790102106,0.6931471805599453
922,Manatee,13,0,2,3/15/20,381071.0,0.0,0.0
991,Manatee,14,1,3,3/16/20,381071.0,0.2624182895051053,0.0
1060,Manatee,15,2,3,3/17/20,381071.0,0.5248365790102106,0.6931471805599453
1129,Manatee,16,1,3,3/18/20,381071.0,0.2624182895051053,0.0
1198,Manatee,17,1,3,3/19/20,381071.0,0.2624182895051053,0.0
1267,Manatee,18,1,3,3/20/20,381071.0,0.2624182895051053,0.0
1336,Manatee,19,3,3,3/21/20,381071.0,0.7872548685153161,1.0986122886681098
1405,Manatee,20,1,3,3/22/20,381071.0,0.2624182895051053,0.0
1474,Manatee,21,2,4,3/23/20,381071.0,0.5248365790102106,0.6931471805599453
1543,Manatee,22,0,4,3/24/20,381071.0,0.0,0.0
26,Marion,0,0,1,3/2/20,355325.0,0.0,0.0
95,Marion,1,0,1,3/3/20,355325.0,0.0,0.0
164,Marion,2,0,1,3/4/20,355325.0,0.0,0.0
233,Marion,3,0,1,3/5/20,355325.0,0.0,0.0
302,Marion,4,0,1,3/6/20,355325.0,0.0,0.0
371,Marion,5,0,1,3/7/20,355325.0,0.0,0.0
440,Marion,6,0,1,3/8/20,355325.0,0.0,0.0
509,Marion,7,0,2,3/9/20,355325.0,0.0,0.0
578,Marion,8,0,2,3/10/20,355325.0,0.0,0.0
647,Marion,9,0,2,3/11/20,355325.0,0.0,0.0
716,Marion,10,0,2,3/12/20,355325.0,0.0,0.0
785,Marion,11,0,2,3/13/20,355325.0,0.0,0.0
854,Marion,12,0,2,3/14/20,355325.0,0.0,0.0
923,Marion,13,0,2,3/15/20,355325.0,0.0,0.0
992,Marion,14,0,3,3/16/20,355325.0,0.0,0.0
1061,Marion,15,0,3,3/17/20,355325.0,0.0,0.0
1130,Marion,16,0,3,3/18/20,355325.0,0.0,0.0
1199,Marion,17,0,3,3/19/20,355325.0,0.0,0.0
1268,Marion,18,0,3,3/20/20,355325.0,0.0,0.0
1337,Marion,19,2,3,3/21/20,355325.0,0.5628649827622599,0.6931471805599453
1406,Marion,20,1,3,3/22/20,355325.0,0.28143249138112997,0.0
1475,Marion,21,1,4,3/23/20,355325.0,0.28143249138112997,0.0
1544,Marion,22,0,4,3/24/20,355325.0,0.0,0.0
27,Martin,0,0,1,3/2/20,155705.0,0.0,0.0
96,Martin,1,0,1,3/3/20,155705.0,0.0,0.0
165,Martin,2,0,1,3/4/20,155705.0,0.0,0.0
234,Martin,3,0,1,3/5/20,155705.0,0.0,0.0
303,Martin,4,0,1,3/6/20,155705.0,0.0,0.0
372,Martin,5,0,1,3/7/20,155705.0,0.0,0.0
441,Martin,6,0,1,3/8/20,155705.0,0.0,0.0
510,Martin,7,0,2,3/9/20,155705.0,0.0,0.0
579,Martin,8,0,2,3/10/20,155705.0,0.0,0.0
648,Martin,9,0,2,3/11/20,155705.0,0.0,0.0
717,Martin,10,0,2,3/12/20,155705.0,0.0,0.0
786,Martin,11,0,2,3/13/20,155705.0,0.0,0.0
855,Martin,12,0,2,3/14/20,155705.0,0.0,0.0
924,Martin,13,0,2,3/15/20,155705.0,0.0,0.0
993,Martin,14,0,3,3/16/20,155705.0,0.0,0.0
1062,Martin,15,0,3,3/17/20,155705.0,0.0,0.0
1131,Martin,16,0,3,3/18/20,155705.0,0.0,0.0
1200,Martin,17,1,3,3/19/20,155705.0,0.6422401335859478,0.0
1269,Martin,18,0,3,3/20/20,155705.0,0.0,0.0
1338,Martin,19,0,3,3/21/20,155705.0,0.0,0.0
1407,Martin,20,1,3,3/22/20,155705.0,0.6422401335859478,0.0
1476,Martin,21,2,4,3/23/20,155705.0,1.2844802671718956,0.6931471805599453
1545,Martin,22,0,4,3/24/20,155705.0,0.0,0.0
28,Monroe,0,0,1,3/2/20,76534.0,0.0,0.0
97,Monroe,1,0,1,3/3/20,76534.0,0.0,0.0
166,Monroe,2,0,1,3/4/20,76534.0,0.0,0.0
235,Monroe,3,0,1,3/5/20,76534.0,0.0,0.0
304,Monroe,4,0,1,3/6/20,76534.0,0.0,0.0
373,Monroe,5,0,1,3/7/20,76534.0,0.0,0.0
442,Monroe,6,0,1,3/8/20,76534.0,0.0,0.0
511,Monroe,7,0,2,3/9/20,76534.0,0.0,0.0
580,Monroe,8,0,2,3/10/20,76534.0,0.0,0.0
649,Monroe,9,0,2,3/11/20,76534.0,0.0,0.0
718,Monroe,10,0,2,3/12/20,76534.0,0.0,0.0
787,Monroe,11,0,2,3/13/20,76534.0,0.0,0.0
856,Monroe,12,0,2,3/14/20,76534.0,0.0,0.0
925,Monroe,13,0,2,3/15/20,76534.0,0.0,0.0
994,Monroe,14,0,3,3/16/20,76534.0,0.0,0.0
1063,Monroe,15,0,3,3/17/20,76534.0,0.0,0.0
1132,Monroe,16,0,3,3/18/20,76534.0,0.0,0.0
1201,Monroe,17,0,3,3/19/20,76534.0,0.0,0.0
1270,Monroe,18,1,3,3/20/20,76534.0,1.3066088274492382,0.0
1339,Monroe,19,0,3,3/21/20,76534.0,0.0,0.0
1408,Monroe,20,1,3,3/22/20,76534.0,1.3066088274492382,0.0
1477,Monroe,21,1,4,3/23/20,76534.0,1.3066088274492382,0.0
1546,Monroe,22,0,4,3/24/20,76534.0,0.0,0.0
29,Nassau,0,0,1,3/2/20,83125.0,0.0,0.0
98,Nassau,1,0,1,3/3/20,83125.0,0.0,0.0
167,Nassau,2,0,1,3/4/20,83125.0,0.0,0.0
236,Nassau,3,0,1,3/5/20,83125.0,0.0,0.0
305,Nassau,4,0,1,3/6/20,83125.0,0.0,0.0
374,Nassau,5,0,1,3/7/20,83125.0,0.0,0.0
443,Nassau,6,0,1,3/8/20,83125.0,0.0,0.0
512,Nassau,7,0,2,3/9/20,83125.0,0.0,0.0
581,Nassau,8,1,2,3/10/20,83125.0,1.2030075187969924,0.0
650,Nassau,9,0,2,3/11/20,83125.0,0.0,0.0
719,Nassau,10,0,2,3/12/20,83125.0,0.0,0.0
788,Nassau,11,0,2,3/13/20,83125.0,0.0,0.0
857,Nassau,12,0,2,3/14/20,83125.0,0.0,0.0
926,Nassau,13,0,2,3/15/20,83125.0,0.0,0.0
995,Nassau,14,0,3,3/16/20,83125.0,0.0,0.0
1064,Nassau,15,0,3,3/17/20,83125.0,0.0,0.0
1133,Nassau,16,0,3,3/18/20,83125.0,0.0,0.0
1202,Nassau,17,0,3,3/19/20,83125.0,0.0,0.0
1271,Nassau,18,0,3,3/20/20,83125.0,0.0,0.0
1340,Nassau,19,0,3,3/21/20,83125.0,0.0,0.0
1409,Nassau,20,0,3,3/22/20,83125.0,0.0,0.0
1478,Nassau,21,0,4,3/23/20,83125.0,0.0,0.0
1547,Nassau,22,0,4,3/24/20,83125.0,0.0,0.0
30,Okaloosa,0,0,1,3/2/20,198409.0,0.0,0.0
99,Okaloosa,1,0,1,3/3/20,198409.0,0.0,0.0
168,Okaloosa,2,1,1,3/4/20,198409.0,0.5040093947351179,0.0
237,Okaloosa,3,0,1,3/5/20,198409.0,0.0,0.0
306,Okaloosa,4,0,1,3/6/20,198409.0,0.0,0.0
375,Okaloosa,5,0,1,3/7/20,198409.0,0.0,0.0
444,Okaloosa,6,0,1,3/8/20,198409.0,0.0,0.0
513,Okaloosa,7,1,2,3/9/20,198409.0,0.5040093947351179,0.0
582,Okaloosa,8,0,2,3/10/20,198409.0,0.0,0.0
651,Okaloosa,9,0,2,3/11/20,198409.0,0.0,0.0
720,Okaloosa,10,0,2,3/12/20,198409.0,0.0,0.0
789,Okaloosa,11,0,2,3/13/20,198409.0,0.0,0.0
858,Okaloosa,12,0,2,3/14/20,198409.0,0.0,0.0
927,Okaloosa,13,0,2,3/15/20,198409.0,0.0,0.0
996,Okaloosa,14,0,3,3/16/20,198409.0,0.0,0.0
1065,Okaloosa,15,1,3,3/17/20,198409.0,0.5040093947351179,0.0
1134,Okaloosa,16,1,3,3/18/20,198409.0,0.5040093947351179,0.0
1203,Okaloosa,17,1,3,3/19/20,198409.0,0.5040093947351179,0.0
1272,Okaloosa,18,4,3,3/20/20,198409.0,2.0160375789404714,1.3862943611198906
1341,Okaloosa,19,3,3,3/21/20,198409.0,1.5120281842053536,1.0986122886681098
1410,Okaloosa,20,2,3,3/22/20,198409.0,1.0080187894702357,0.6931471805599453
1479,Okaloosa,21,0,4,3/23/20,198409.0,0.0,0.0
1548,Okaloosa,22,0,4,3/24/20,198409.0,0.0,0.0
60,Okeechobee,0,0,1,3/2/20,41492.0,0.0,0.0
129,Okeechobee,1,0,1,3/3/20,41492.0,0.0,0.0
198,Okeechobee,2,0,1,3/4/20,41492.0,0.0,0.0
267,Okeechobee,3,0,1,3/5/20,41492.0,0.0,0.0
336,Okeechobee,4,0,1,3/6/20,41492.0,0.0,0.0
405,Okeechobee,5,0,1,3/7/20,41492.0,0.0,0.0
474,Okeechobee,6,0,1,3/8/20,41492.0,0.0,0.0
543,Okeechobee,7,0,2,3/9/20,41492.0,0.0,0.0
612,Okeechobee,8,0,2,3/10/20,41492.0,0.0,0.0
681,Okeechobee,9,0,2,3/11/20,41492.0,0.0,0.0
750,Okeechobee,10,0,2,3/12/20,41492.0,0.0,0.0
819,Okeechobee,11,0,2,3/13/20,41492.0,0.0,0.0
888,Okeechobee,12,0,2,3/14/20,41492.0,0.0,0.0
957,Okeechobee,13,0,2,3/15/20,41492.0,0.0,0.0
1026,Okeechobee,14,0,3,3/16/20,41492.0,0.0,0.0
1095,Okeechobee,15,0,3,3/17/20,41492.0,0.0,0.0
1164,Okeechobee,16,0,3,3/18/20,41492.0,0.0,0.0
1233,Okeechobee,17,0,3,3/19/20,41492.0,0.0,0.0
1302,Okeechobee,18,0,3,3/20/20,41492.0,0.0,0.0
1371,Okeechobee,19,0,3,3/21/20,41492.0,0.0,0.0
1440,Okeechobee,20,0,3,3/22/20,41492.0,0.0,0.0
1509,Okeechobee,21,0,4,3/23/20,41492.0,0.0,0.0
1578,Okeechobee,22,0,4,3/24/20,41492.0,0.0,0.0
31,Orange,0,0,1,3/2/20,1370447.0,0.0,0.0
100,Orange,1,0,1,3/3/20,1370447.0,0.0,0.0
169,Orange,2,0,1,3/4/20,1370447.0,0.0,0.0
238,Orange,3,0,1,3/5/20,1370447.0,0.0,0.0
307,Orange,4,0,1,3/6/20,1370447.0,0.0,0.0
376,Orange,5,0,1,3/7/20,1370447.0,0.0,0.0
445,Orange,6,0,1,3/8/20,1370447.0,0.0,0.0
514,Orange,7,0,2,3/9/20,1370447.0,0.0,0.0
583,Orange,8,0,2,3/10/20,1370447.0,0.0,0.0
652,Orange,9,0,2,3/11/20,1370447.0,0.0,0.0
721,Orange,10,0,2,3/12/20,1370447.0,0.0,0.0
790,Orange,11,3,2,3/13/20,1370447.0,0.21890667789414694,1.0986122886681098
859,Orange,12,0,2,3/14/20,1370447.0,0.0,0.0
928,Orange,13,1,2,3/15/20,1370447.0,0.07296889263138231,0.0
997,Orange,14,2,3,3/16/20,1370447.0,0.14593778526276463,0.6931471805599453
1066,Orange,15,2,3,3/17/20,1370447.0,0.14593778526276463,0.6931471805599453
1135,Orange,16,5,3,3/18/20,1370447.0,0.3648444631569116,1.6094379124341003
1204,Orange,17,5,3,3/19/20,1370447.0,0.3648444631569116,1.6094379124341003
1273,Orange,18,5,3,3/20/20,1370447.0,0.3648444631569116,1.6094379124341003
1342,Orange,19,6,3,3/21/20,1370447.0,0.4378133557882939,1.791759469228055
1411,Orange,20,9,3,3/22/20,1370447.0,0.6567200336824409,2.1972245773362196
1480,Orange,21,12,4,3/23/20,1370447.0,0.8756267115765878,2.4849066497880004
1549,Orange,22,0,4,3/24/20,1370447.0,0.0,0.0
32,Osceola,0,0,1,3/2/20,360426.0,0.0,0.0
101,Osceola,1,0,1,3/3/20,360426.0,0.0,0.0
170,Osceola,2,0,1,3/4/20,360426.0,0.0,0.0
239,Osceola,3,0,1,3/5/20,360426.0,0.0,0.0
308,Osceola,4,0,1,3/6/20,360426.0,0.0,0.0
377,Osceola,5,0,1,3/7/20,360426.0,0.0,0.0
446,Osceola,6,0,1,3/8/20,360426.0,0.0,0.0
515,Osceola,7,0,2,3/9/20,360426.0,0.0,0.0
584,Osceola,8,0,2,3/10/20,360426.0,0.0,0.0
653,Osceola,9,0,2,3/11/20,360426.0,0.0,0.0
722,Osceola,10,0,2,3/12/20,360426.0,0.0,0.0
791,Osceola,11,3,2,3/13/20,360426.0,0.8323483877411729,1.0986122886681098
860,Osceola,12,1,2,3/14/20,360426.0,0.277449462580391,0.0
929,Osceola,13,0,2,3/15/20,360426.0,0.0,0.0
998,Osceola,14,1,3,3/16/20,360426.0,0.277449462580391,0.0
1067,Osceola,15,3,3,3/17/20,360426.0,0.8323483877411729,1.0986122886681098
1136,Osceola,16,2,3,3/18/20,360426.0,0.554898925160782,0.6931471805599453
1205,Osceola,17,4,3,3/19/20,360426.0,1.109797850321564,1.3862943611198906
1274,Osceola,18,0,3,3/20/20,360426.0,0.0,0.0
1343,Osceola,19,8,3,3/21/20,360426.0,2.219595700643128,2.0794415416798357
1412,Osceola,20,2,3,3/22/20,360426.0,0.554898925160782,0.6931471805599453
1481,Osceola,21,2,4,3/23/20,360426.0,0.554898925160782,0.6931471805599453
1550,Osceola,22,0,4,3/24/20,360426.0,0.0,0.0
33,Palm Beach,0,0,1,3/2/20,1442281.0,0.0,0.0
102,Palm Beach,1,0,1,3/3/20,1442281.0,0.0,0.0
171,Palm Beach,2,1,1,3/4/20,1442281.0,0.0693346164859691,0.0
240,Palm Beach,3,0,1,3/5/20,1442281.0,0.0,0.0
309,Palm Beach,4,0,1,3/6/20,1442281.0,0.0,0.0
378,Palm Beach,5,0,1,3/7/20,1442281.0,0.0,0.0
447,Palm Beach,6,0,1,3/8/20,1442281.0,0.0,0.0
516,Palm Beach,7,0,2,3/9/20,1442281.0,0.0,0.0
585,Palm Beach,8,0,2,3/10/20,1442281.0,0.0,0.0
654,Palm Beach,9,0,2,3/11/20,1442281.0,0.0,0.0
723,Palm Beach,10,0,2,3/12/20,1442281.0,0.0,0.0
792,Palm Beach,11,2,2,3/13/20,1442281.0,0.1386692329719382,0.6931471805599453
861,Palm Beach,12,3,2,3/14/20,1442281.0,0.20800384945790729,1.0986122886681098
930,Palm Beach,13,0,2,3/15/20,1442281.0,0.0,0.0
999,Palm Beach,14,4,3,3/16/20,1442281.0,0.2773384659438764,1.3862943611198906
1068,Palm Beach,15,3,3,3/17/20,1442281.0,0.20800384945790729,1.0986122886681098
1137,Palm Beach,16,10,3,3/18/20,1442281.0,0.693346164859691,2.302585092994046
1206,Palm Beach,17,6,3,3/19/20,1442281.0,0.41600769891581457,1.791759469228055
1275,Palm Beach,18,16,3,3/20/20,1442281.0,1.1093538637755056,2.772588722239781
1344,Palm Beach,19,14,3,3/21/20,1442281.0,0.9706846308035674,2.6390573296152584
1413,Palm Beach,20,27,3,3/22/20,1442281.0,1.8720346451211656,3.295836866004329
1482,Palm Beach,21,7,4,3/23/20,1442281.0,0.4853423154017837,1.9459101490553132
1551,Palm Beach,22,8,4,3/24/20,1442281.0,0.5546769318877528,2.0794415416798357
34,Pasco,0,0,1,3/2/20,518639.0,0.0,0.0
103,Pasco,1,0,1,3/3/20,518639.0,0.0,0.0
172,Pasco,2,0,1,3/4/20,518639.0,0.0,0.0
241,Pasco,3,0,1,3/5/20,518639.0,0.0,0.0
310,Pasco,4,0,1,3/6/20,518639.0,0.0,0.0
379,Pasco,5,0,1,3/7/20,518639.0,0.0,0.0
448,Pasco,6,0,1,3/8/20,518639.0,0.0,0.0
517,Pasco,7,0,2,3/9/20,518639.0,0.0,0.0
586,Pasco,8,0,2,3/10/20,518639.0,0.0,0.0
655,Pasco,9,1,2,3/11/20,518639.0,0.1928123415323568,0.0
724,Pasco,10,0,2,3/12/20,518639.0,0.0,0.0
793,Pasco,11,0,2,3/13/20,518639.0,0.0,0.0
862,Pasco,12,1,2,3/14/20,518639.0,0.1928123415323568,0.0
931,Pasco,13,0,2,3/15/20,518639.0,0.0,0.0
1000,Pasco,14,0,3,3/16/20,518639.0,0.0,0.0
1069,Pasco,15,0,3,3/17/20,518639.0,0.0,0.0
1138,Pasco,16,1,3,3/18/20,518639.0,0.1928123415323568,0.0
1207,Pasco,17,2,3,3/19/20,518639.0,0.3856246830647136,0.6931471805599453
1276,Pasco,18,3,3,3/20/20,518639.0,0.5784370245970705,1.0986122886681098
1345,Pasco,19,0,3,3/21/20,518639.0,0.0,0.0
1414,Pasco,20,5,3,3/22/20,518639.0,0.964061707661784,1.6094379124341003
1483,Pasco,21,1,4,3/23/20,518639.0,0.1928123415323568,0.0
1552,Pasco,22,1,4,3/24/20,518639.0,0.1928123415323568,0.0
35,Pinellas,0,0,1,3/2/20,971022.0,0.0,0.0
104,Pinellas,1,0,1,3/3/20,971022.0,0.0,0.0
173,Pinellas,2,0,1,3/4/20,971022.0,0.0,0.0
242,Pinellas,3,0,1,3/5/20,971022.0,0.0,0.0
311,Pinellas,4,0,1,3/6/20,971022.0,0.0,0.0
380,Pinellas,5,0,1,3/7/20,971022.0,0.0,0.0
449,Pinellas,6,0,1,3/8/20,971022.0,0.0,0.0
518,Pinellas,7,0,2,3/9/20,971022.0,0.0,0.0
587,Pinellas,8,0,2,3/10/20,971022.0,0.0,0.0
656,Pinellas,9,2,2,3/11/20,971022.0,0.20596855684011278,0.6931471805599453
725,Pinellas,10,0,2,3/12/20,971022.0,0.0,0.0
794,Pinellas,11,0,2,3/13/20,971022.0,0.0,0.0
863,Pinellas,12,0,2,3/14/20,971022.0,0.0,0.0
932,Pinellas,13,0,2,3/15/20,971022.0,0.0,0.0
1001,Pinellas,14,2,3,3/16/20,971022.0,0.20596855684011278,0.6931471805599453
1070,Pinellas,15,1,3,3/17/20,971022.0,0.10298427842005639,0.0
1139,Pinellas,16,8,3,3/18/20,971022.0,0.8238742273604511,2.0794415416798357
1208,Pinellas,17,4,3,3/19/20,971022.0,0.41193711368022556,1.3862943611198906
1277,Pinellas,18,5,3,3/20/20,971022.0,0.514921392100282,1.6094379124341003
1346,Pinellas,19,7,3,3/21/20,971022.0,0.7208899489403947,1.9459101490553132
1415,Pinellas,20,10,3,3/22/20,971022.0,1.029842784200564,2.302585092994046
1484,Pinellas,21,5,4,3/23/20,971022.0,0.514921392100282,1.6094379124341003
1553,Pinellas,22,1,4,3/24/20,971022.0,0.10298427842005639,0.0
36,Polk,0,0,1,3/2/20,681691.0,0.0,0.0
105,Polk,1,0,1,3/3/20,681691.0,0.0,0.0
174,Polk,2,0,1,3/4/20,681691.0,0.0,0.0
243,Polk,3,0,1,3/5/20,681691.0,0.0,0.0
312,Polk,4,0,1,3/6/20,681691.0,0.0,0.0
381,Polk,5,0,1,3/7/20,681691.0,0.0,0.0
450,Polk,6,0,1,3/8/20,681691.0,0.0,0.0
519,Polk,7,0,2,3/9/20,681691.0,0.0,0.0
588,Polk,8,0,2,3/10/20,681691.0,0.0,0.0
657,Polk,9,0,2,3/11/20,681691.0,0.0,0.0
726,Polk,10,0,2,3/12/20,681691.0,0.0,0.0
795,Polk,11,0,2,3/13/20,681691.0,0.0,0.0
864,Polk,12,0,2,3/14/20,681691.0,0.0,0.0
933,Polk,13,0,2,3/15/20,681691.0,0.0,0.0
1002,Polk,14,0,3,3/16/20,681691.0,0.0,0.0
1071,Polk,15,1,3,3/17/20,681691.0,0.1466940299930614,0.0
1140,Polk,16,1,3,3/18/20,681691.0,0.1466940299930614,0.0
1209,Polk,17,2,3,3/19/20,681691.0,0.2933880599861228,0.6931471805599453
1278,Polk,18,6,3,3/20/20,681691.0,0.8801641799583683,1.791759469228055
1347,Polk,19,1,3,3/21/20,681691.0,0.1466940299930614,0.0
1416,Polk,20,0,3,3/22/20,681691.0,0.0,0.0
1485,Polk,21,2,4,3/23/20,681691.0,0.2933880599861228,0.6931471805599453
1554,Polk,22,0,4,3/24/20,681691.0,0.0,0.0
37,Putnam,0,0,1,3/2/20,73422.0,0.0,0.0
106,Putnam,1,0,1,3/3/20,73422.0,0.0,0.0
175,Putnam,2,0,1,3/4/20,73422.0,0.0,0.0
244,Putnam,3,0,1,3/5/20,73422.0,0.0,0.0
313,Putnam,4,0,1,3/6/20,73422.0,0.0,0.0
382,Putnam,5,0,1,3/7/20,73422.0,0.0,0.0
451,Putnam,6,0,1,3/8/20,73422.0,0.0,0.0
520,Putnam,7,0,2,3/9/20,73422.0,0.0,0.0
589,Putnam,8,0,2,3/10/20,73422.0,0.0,0.0
658,Putnam,9,0,2,3/11/20,73422.0,0.0,0.0
727,Putnam,10,0,2,3/12/20,73422.0,0.0,0.0
796,Putnam,11,0,2,3/13/20,73422.0,0.0,0.0
865,Putnam,12,0,2,3/14/20,73422.0,0.0,0.0
934,Putnam,13,0,2,3/15/20,73422.0,0.0,0.0
1003,Putnam,14,0,3,3/16/20,73422.0,0.0,0.0
1072,Putnam,15,0,3,3/17/20,73422.0,0.0,0.0
1141,Putnam,16,0,3,3/18/20,73422.0,0.0,0.0
1210,Putnam,17,0,3,3/19/20,73422.0,0.0,0.0
1279,Putnam,18,1,3,3/20/20,73422.0,1.3619895943994988,0.0
1348,Putnam,19,0,3,3/21/20,73422.0,0.0,0.0
1417,Putnam,20,1,3,3/22/20,73422.0,1.3619895943994988,0.0
1486,Putnam,21,0,4,3/23/20,73422.0,0.0,0.0
1555,Putnam,22,0,4,3/24/20,73422.0,0.0,0.0
61,Saint Johns,0,0,1,3/2/20,241545.0,0.0,0.0
130,Saint Johns,1,0,1,3/3/20,241545.0,0.0,0.0
199,Saint Johns,2,0,1,3/4/20,241545.0,0.0,0.0
268,Saint Johns,3,0,1,3/5/20,241545.0,0.0,0.0
337,Saint Johns,4,0,1,3/6/20,241545.0,0.0,0.0
406,Saint Johns,5,0,1,3/7/20,241545.0,0.0,0.0
475,Saint Johns,6,0,1,3/8/20,241545.0,0.0,0.0
544,Saint Johns,7,0,2,3/9/20,241545.0,0.0,0.0
613,Saint Johns,8,0,2,3/10/20,241545.0,0.0,0.0
682,Saint Johns,9,0,2,3/11/20,241545.0,0.0,0.0
751,Saint Johns,10,0,2,3/12/20,241545.0,0.0,0.0
820,Saint Johns,11,0,2,3/13/20,241545.0,0.0,0.0
889,Saint Johns,12,0,2,3/14/20,241545.0,0.0,0.0
958,Saint Johns,13,0,2,3/15/20,241545.0,0.0,0.0
1027,Saint Johns,14,0,3,3/16/20,241545.0,0.0,0.0
1096,Saint Johns,15,0,3,3/17/20,241545.0,0.0,0.0
1165,Saint Johns,16,0,3,3/18/20,241545.0,0.0,0.0
1234,Saint Johns,17,0,3,3/19/20,241545.0,0.0,0.0
1303,Saint Johns,18,0,3,3/20/20,241545.0,0.0,0.0
1372,Saint Johns,19,0,3,3/21/20,241545.0,0.0,0.0
1441,Saint Johns,20,0,3,3/22/20,241545.0,0.0,0.0
1510,Saint Johns,21,0,4,3/23/20,241545.0,0.0,0.0
1579,Saint Johns,22,0,4,3/24/20,241545.0,0.0,0.0
62,Saint Lucie,0,0,1,3/2/20,304743.0,0.0,0.0
131,Saint Lucie,1,0,1,3/3/20,304743.0,0.0,0.0
200,Saint Lucie,2,0,1,3/4/20,304743.0,0.0,0.0
269,Saint Lucie,3,0,1,3/5/20,304743.0,0.0,0.0
338,Saint Lucie,4,0,1,3/6/20,304743.0,0.0,0.0
407,Saint Lucie,5,0,1,3/7/20,304743.0,0.0,0.0
476,Saint Lucie,6,0,1,3/8/20,304743.0,0.0,0.0
545,Saint Lucie,7,0,2,3/9/20,304743.0,0.0,0.0
614,Saint Lucie,8,0,2,3/10/20,304743.0,0.0,0.0
683,Saint Lucie,9,0,2,3/11/20,304743.0,0.0,0.0
752,Saint Lucie,10,0,2,3/12/20,304743.0,0.0,0.0
821,Saint Lucie,11,0,2,3/13/20,304743.0,0.0,0.0
890,Saint Lucie,12,0,2,3/14/20,304743.0,0.0,0.0
959,Saint Lucie,13,0,2,3/15/20,304743.0,0.0,0.0
1028,Saint Lucie,14,0,3,3/16/20,304743.0,0.0,0.0
1097,Saint Lucie,15,0,3,3/17/20,304743.0,0.0,0.0
1166,Saint Lucie,16,0,3,3/18/20,304743.0,0.0,0.0
1235,Saint Lucie,17,0,3,3/19/20,304743.0,0.0,0.0
1304,Saint Lucie,18,0,3,3/20/20,304743.0,0.0,0.0
1373,Saint Lucie,19,0,3,3/21/20,304743.0,0.0,0.0
1442,Saint Lucie,20,0,3,3/22/20,304743.0,0.0,0.0
1511,Saint Lucie,21,0,4,3/23/20,304743.0,0.0,0.0
1580,Saint Lucie,22,0,4,3/24/20,304743.0,0.0,0.0
38,Santa Rosa,0,0,1,3/2/20,175552.0,0.0,0.0
107,Santa Rosa,1,0,1,3/3/20,175552.0,0.0,0.0
176,Santa Rosa,2,0,1,3/4/20,175552.0,0.0,0.0
245,Santa Rosa,3,1,1,3/5/20,175552.0,0.5696317900109369,0.0
314,Santa Rosa,4,0,1,3/6/20,175552.0,0.0,0.0
383,Santa Rosa,5,0,1,3/7/20,175552.0,0.0,0.0
452,Santa Rosa,6,0,1,3/8/20,175552.0,0.0,0.0
521,Santa Rosa,7,0,2,3/9/20,175552.0,0.0,0.0
590,Santa Rosa,8,0,2,3/10/20,175552.0,0.0,0.0
659,Santa Rosa,9,0,2,3/11/20,175552.0,0.0,0.0
728,Santa Rosa,10,0,2,3/12/20,175552.0,0.0,0.0
797,Santa Rosa,11,0,2,3/13/20,175552.0,0.0,0.0
866,Santa Rosa,12,0,2,3/14/20,175552.0,0.0,0.0
935,Santa Rosa,13,0,2,3/15/20,175552.0,0.0,0.0
1004,Santa Rosa,14,0,3,3/16/20,175552.0,0.0,0.0
1073,Santa Rosa,15,0,3,3/17/20,175552.0,0.0,0.0
1142,Santa Rosa,16,1,3,3/18/20,175552.0,0.5696317900109369,0.0
1211,Santa Rosa,17,0,3,3/19/20,175552.0,0.0,0.0
1280,Santa Rosa,18,1,3,3/20/20,175552.0,0.5696317900109369,0.0
1349,Santa Rosa,19,0,3,3/21/20,175552.0,0.0,0.0
1418,Santa Rosa,20,0,3,3/22/20,175552.0,0.0,0.0
1487,Santa Rosa,21,1,4,3/23/20,175552.0,0.5696317900109369,0.0
1556,Santa Rosa,22,0,4,3/24/20,175552.0,0.0,0.0
39,Sarasota,0,0,1,3/2/20,415896.0,0.0,0.0
108,Sarasota,1,0,1,3/3/20,415896.0,0.0,0.0
177,Sarasota,2,0,1,3/4/20,415896.0,0.0,0.0
246,Sarasota,3,0,1,3/5/20,415896.0,0.0,0.0
315,Sarasota,4,0,1,3/6/20,415896.0,0.0,0.0
384,Sarasota,5,0,1,3/7/20,415896.0,0.0,0.0
453,Sarasota,6,0,1,3/8/20,415896.0,0.0,0.0
522,Sarasota,7,0,2,3/9/20,415896.0,0.0,0.0
591,Sarasota,8,0,2,3/10/20,415896.0,0.0,0.0
660,Sarasota,9,0,2,3/11/20,415896.0,0.0,0.0
729,Sarasota,10,0,2,3/12/20,415896.0,0.0,0.0
798,Sarasota,11,2,2,3/13/20,415896.0,0.4808894531325139,0.6931471805599453
867,Sarasota,12,0,2,3/14/20,415896.0,0.0,0.0
936,Sarasota,13,0,2,3/15/20,415896.0,0.0,0.0
1005,Sarasota,14,2,3,3/16/20,415896.0,0.4808894531325139,0.6931471805599453
1074,Sarasota,15,0,3,3/17/20,415896.0,0.0,0.0
1143,Sarasota,16,0,3,3/18/20,415896.0,0.0,0.0
1212,Sarasota,17,2,3,3/19/20,415896.0,0.4808894531325139,0.6931471805599453
1281,Sarasota,18,2,3,3/20/20,415896.0,0.4808894531325139,0.6931471805599453
1350,Sarasota,19,7,3,3/21/20,415896.0,1.6831130859637988,1.9459101490553132
1419,Sarasota,20,5,3,3/22/20,415896.0,1.2022236328312847,1.6094379124341003
1488,Sarasota,21,4,4,3/23/20,415896.0,0.9617789062650278,1.3862943611198906
1557,Sarasota,22,2,4,3/24/20,415896.0,0.4808894531325139,0.6931471805599453
40,Seminole,0,0,1,3/2/20,463627.0,0.0,0.0
109,Seminole,1,0,1,3/3/20,463627.0,0.0,0.0
178,Seminole,2,0,1,3/4/20,463627.0,0.0,0.0
247,Seminole,3,0,1,3/5/20,463627.0,0.0,0.0
316,Seminole,4,0,1,3/6/20,463627.0,0.0,0.0
385,Seminole,5,0,1,3/7/20,463627.0,0.0,0.0
454,Seminole,6,0,1,3/8/20,463627.0,0.0,0.0
523,Seminole,7,0,2,3/9/20,463627.0,0.0,0.0
592,Seminole,8,0,2,3/10/20,463627.0,0.0,0.0
661,Seminole,9,0,2,3/11/20,463627.0,0.0,0.0
730,Seminole,10,1,2,3/12/20,463627.0,0.21569063061469673,0.0
799,Seminole,11,0,2,3/13/20,463627.0,0.0,0.0
868,Seminole,12,3,2,3/14/20,463627.0,0.6470718918440902,1.0986122886681098
937,Seminole,13,0,2,3/15/20,463627.0,0.0,0.0
1006,Seminole,14,0,3,3/16/20,463627.0,0.0,0.0
1075,Seminole,15,2,3,3/17/20,463627.0,0.43138126122939346,0.6931471805599453
1144,Seminole,16,2,3,3/18/20,463627.0,0.43138126122939346,0.6931471805599453
1213,Seminole,17,0,3,3/19/20,463627.0,0.0,0.0
1282,Seminole,18,3,3,3/20/20,463627.0,0.6470718918440902,1.0986122886681098
1351,Seminole,19,5,3,3/21/20,463627.0,1.0784531530734838,1.6094379124341003
1420,Seminole,20,3,3,3/22/20,463627.0,0.6470718918440902,1.0986122886681098
1489,Seminole,21,4,4,3/23/20,463627.0,0.8627625224587869,1.3862943611198906
1558,Seminole,22,0,4,3/24/20,463627.0,0.0,0.0
41,St. Johns,0,0,1,3/2/20,,,0.0
110,St. Johns,1,0,1,3/3/20,,,0.0
179,St. Johns,2,0,1,3/4/20,,,0.0
248,St. Johns,3,0,1,3/5/20,,,0.0
317,St. Johns,4,0,1,3/6/20,,,0.0
386,St. Johns,5,0,1,3/7/20,,,0.0
455,St. Johns,6,0,1,3/8/20,,,0.0
524,St. Johns,7,0,2,3/9/20,,,0.0
593,St. Johns,8,0,2,3/10/20,,,0.0
662,St. Johns,9,0,2,3/11/20,,,0.0
731,St. Johns,10,1,2,3/12/20,,,0.0
800,St. Johns,11,0,2,3/13/20,,,0.0
869,St. Johns,12,1,2,3/14/20,,,0.0
938,St. Johns,13,0,2,3/15/20,,,0.0
1007,St. Johns,14,1,3,3/16/20,,,0.0
1076,St. Johns,15,0,3,3/17/20,,,0.0
1145,St. Johns,16,2,3,3/18/20,,,0.6931471805599453
1214,St. Johns,17,0,3,3/19/20,,,0.0
1283,St. Johns,18,4,3,3/20/20,,,1.3862943611198906
1352,St. Johns,19,3,3,3/21/20,,,1.0986122886681098
1421,St. Johns,20,10,3,3/22/20,,,2.302585092994046
1490,St. Johns,21,5,4,3/23/20,,,1.6094379124341003
1559,St. Johns,22,1,4,3/24/20,,,0.0
42,Sumter,0,0,1,3/2/20,125779.0,0.0,0.0
111,Sumter,1,0,1,3/3/20,125779.0,0.0,0.0
180,Sumter,2,0,1,3/4/20,125779.0,0.0,0.0
249,Sumter,3,0,1,3/5/20,125779.0,0.0,0.0
318,Sumter,4,0,1,3/6/20,125779.0,0.0,0.0
387,Sumter,5,0,1,3/7/20,125779.0,0.0,0.0
456,Sumter,6,0,1,3/8/20,125779.0,0.0,0.0
525,Sumter,7,0,2,3/9/20,125779.0,0.0,0.0
594,Sumter,8,0,2,3/10/20,125779.0,0.0,0.0
663,Sumter,9,0,2,3/11/20,125779.0,0.0,0.0
732,Sumter,10,0,2,3/12/20,125779.0,0.0,0.0
801,Sumter,11,0,2,3/13/20,125779.0,0.0,0.0
870,Sumter,12,0,2,3/14/20,125779.0,0.0,0.0
939,Sumter,13,0,2,3/15/20,125779.0,0.0,0.0
1008,Sumter,14,0,3,3/16/20,125779.0,0.0,0.0
1077,Sumter,15,0,3,3/17/20,125779.0,0.0,0.0
1146,Sumter,16,1,3,3/18/20,125779.0,0.7950452778285724,0.0
1215,Sumter,17,1,3,3/19/20,125779.0,0.7950452778285724,0.0
1284,Sumter,18,0,3,3/20/20,125779.0,0.0,0.0
1353,Sumter,19,2,3,3/21/20,125779.0,1.5900905556571447,0.6931471805599453
1422,Sumter,20,4,3,3/22/20,125779.0,3.1801811113142895,1.3862943611198906
1491,Sumter,21,2,4,3/23/20,125779.0,1.5900905556571447,0.6931471805599453
1560,Sumter,22,0,4,3/24/20,125779.0,0.0,0.0
63,Suwannee,0,0,1,3/2/20,45123.0,0.0,0.0
132,Suwannee,1,0,1,3/3/20,45123.0,0.0,0.0
201,Suwannee,2,0,1,3/4/20,45123.0,0.0,0.0
270,Suwannee,3,0,1,3/5/20,45123.0,0.0,0.0
339,Suwannee,4,0,1,3/6/20,45123.0,0.0,0.0
408,Suwannee,5,0,1,3/7/20,45123.0,0.0,0.0
477,Suwannee,6,0,1,3/8/20,45123.0,0.0,0.0
546,Suwannee,7,0,2,3/9/20,45123.0,0.0,0.0
615,Suwannee,8,0,2,3/10/20,45123.0,0.0,0.0
684,Suwannee,9,0,2,3/11/20,45123.0,0.0,0.0
753,Suwannee,10,0,2,3/12/20,45123.0,0.0,0.0
822,Suwannee,11,0,2,3/13/20,45123.0,0.0,0.0
891,Suwannee,12,0,2,3/14/20,45123.0,0.0,0.0
960,Suwannee,13,0,2,3/15/20,45123.0,0.0,0.0
1029,Suwannee,14,0,3,3/16/20,45123.0,0.0,0.0
1098,Suwannee,15,0,3,3/17/20,45123.0,0.0,0.0
1167,Suwannee,16,0,3,3/18/20,45123.0,0.0,0.0
1236,Suwannee,17,0,3,3/19/20,45123.0,0.0,0.0
1305,Suwannee,18,0,3,3/20/20,45123.0,0.0,0.0
1374,Suwannee,19,0,3,3/21/20,45123.0,0.0,0.0
1443,Suwannee,20,0,3,3/22/20,45123.0,0.0,0.0
1512,Suwannee,21,0,4,3/23/20,45123.0,0.0,0.0
1581,Suwannee,22,0,4,3/24/20,45123.0,0.0,0.0
64,Taylor,0,0,1,3/2/20,22258.0,0.0,0.0
133,Taylor,1,0,1,3/3/20,22258.0,0.0,0.0
202,Taylor,2,0,1,3/4/20,22258.0,0.0,0.0
271,Taylor,3,0,1,3/5/20,22258.0,0.0,0.0
340,Taylor,4,0,1,3/6/20,22258.0,0.0,0.0
409,Taylor,5,0,1,3/7/20,22258.0,0.0,0.0
478,Taylor,6,0,1,3/8/20,22258.0,0.0,0.0
547,Taylor,7,0,2,3/9/20,22258.0,0.0,0.0
616,Taylor,8,0,2,3/10/20,22258.0,0.0,0.0
685,Taylor,9,0,2,3/11/20,22258.0,0.0,0.0
754,Taylor,10,0,2,3/12/20,22258.0,0.0,0.0
823,Taylor,11,0,2,3/13/20,22258.0,0.0,0.0
892,Taylor,12,0,2,3/14/20,22258.0,0.0,0.0
961,Taylor,13,0,2,3/15/20,22258.0,0.0,0.0
1030,Taylor,14,0,3,3/16/20,22258.0,0.0,0.0
1099,Taylor,15,0,3,3/17/20,22258.0,0.0,0.0
1168,Taylor,16,0,3,3/18/20,22258.0,0.0,0.0
1237,Taylor,17,0,3,3/19/20,22258.0,0.0,0.0
1306,Taylor,18,0,3,3/20/20,22258.0,0.0,0.0
1375,Taylor,19,0,3,3/21/20,22258.0,0.0,0.0
1444,Taylor,20,0,3,3/22/20,22258.0,0.0,0.0
1513,Taylor,21,0,4,3/23/20,22258.0,0.0,0.0
1582,Taylor,22,0,4,3/24/20,22258.0,0.0,0.0
65,Union,0,0,1,3/2/20,15966.0,0.0,0.0
134,Union,1,0,1,3/3/20,15966.0,0.0,0.0
203,Union,2,0,1,3/4/20,15966.0,0.0,0.0
272,Union,3,0,1,3/5/20,15966.0,0.0,0.0
341,Union,4,0,1,3/6/20,15966.0,0.0,0.0
410,Union,5,0,1,3/7/20,15966.0,0.0,0.0
479,Union,6,0,1,3/8/20,15966.0,0.0,0.0
548,Union,7,0,2,3/9/20,15966.0,0.0,0.0
617,Union,8,0,2,3/10/20,15966.0,0.0,0.0
686,Union,9,0,2,3/11/20,15966.0,0.0,0.0
755,Union,10,0,2,3/12/20,15966.0,0.0,0.0
824,Union,11,0,2,3/13/20,15966.0,0.0,0.0
893,Union,12,0,2,3/14/20,15966.0,0.0,0.0
962,Union,13,0,2,3/15/20,15966.0,0.0,0.0
1031,Union,14,0,3,3/16/20,15966.0,0.0,0.0
1100,Union,15,0,3,3/17/20,15966.0,0.0,0.0
1169,Union,16,0,3,3/18/20,15966.0,0.0,0.0
1238,Union,17,0,3,3/19/20,15966.0,0.0,0.0
1307,Union,18,0,3,3/20/20,15966.0,0.0,0.0
1376,Union,19,0,3,3/21/20,15966.0,0.0,0.0
1445,Union,20,0,3,3/22/20,15966.0,0.0,0.0
1514,Union,21,0,4,3/23/20,15966.0,0.0,0.0
1583,Union,22,0,4,3/24/20,15966.0,0.0,0.0
43,Volusia,0,0,1,3/2/20,532926.0,0.0,0.0
112,Volusia,1,0,1,3/3/20,532926.0,0.0,0.0
181,Volusia,2,0,1,3/4/20,532926.0,0.0,0.0
250,Volusia,3,0,1,3/5/20,532926.0,0.0,0.0
319,Volusia,4,0,1,3/6/20,532926.0,0.0,0.0
388,Volusia,5,0,1,3/7/20,532926.0,0.0,0.0
457,Volusia,6,1,1,3/8/20,532926.0,0.18764331257998296,0.0
526,Volusia,7,1,2,3/9/20,532926.0,0.18764331257998296,0.0
595,Volusia,8,0,2,3/10/20,532926.0,0.0,0.0
664,Volusia,9,0,2,3/11/20,532926.0,0.0,0.0
733,Volusia,10,0,2,3/12/20,532926.0,0.0,0.0
802,Volusia,11,1,2,3/13/20,532926.0,0.18764331257998296,0.0
871,Volusia,12,3,2,3/14/20,532926.0,0.5629299377399489,1.0986122886681098
940,Volusia,13,1,2,3/15/20,532926.0,0.18764331257998296,0.0
1009,Volusia,14,1,3,3/16/20,532926.0,0.18764331257998296,0.0
1078,Volusia,15,1,3,3/17/20,532926.0,0.18764331257998296,0.0
1147,Volusia,16,0,3,3/18/20,532926.0,0.0,0.0
1216,Volusia,17,0,3,3/19/20,532926.0,0.0,0.0
1285,Volusia,18,1,3,3/20/20,532926.0,0.18764331257998296,0.0
1354,Volusia,19,2,3,3/21/20,532926.0,0.3752866251599659,0.6931471805599453
1423,Volusia,20,2,3,3/22/20,532926.0,0.3752866251599659,0.6931471805599453
1492,Volusia,21,3,4,3/23/20,532926.0,0.5629299377399489,1.0986122886681098
1561,Volusia,22,1,4,3/24/20,532926.0,0.18764331257998296,0.0
66,Wakulla,0,0,1,3/2/20,32350.0,0.0,0.0
135,Wakulla,1,0,1,3/3/20,32350.0,0.0,0.0
204,Wakulla,2,0,1,3/4/20,32350.0,0.0,0.0
273,Wakulla,3,0,1,3/5/20,32350.0,0.0,0.0
342,Wakulla,4,0,1,3/6/20,32350.0,0.0,0.0
411,Wakulla,5,0,1,3/7/20,32350.0,0.0,0.0
480,Wakulla,6,0,1,3/8/20,32350.0,0.0,0.0
549,Wakulla,7,0,2,3/9/20,32350.0,0.0,0.0
618,Wakulla,8,0,2,3/10/20,32350.0,0.0,0.0
687,Wakulla,9,0,2,3/11/20,32350.0,0.0,0.0
756,Wakulla,10,0,2,3/12/20,32350.0,0.0,0.0
825,Wakulla,11,0,2,3/13/20,32350.0,0.0,0.0
894,Wakulla,12,0,2,3/14/20,32350.0,0.0,0.0
963,Wakulla,13,0,2,3/15/20,32350.0,0.0,0.0
1032,Wakulla,14,0,3,3/16/20,32350.0,0.0,0.0
1101,Wakulla,15,0,3,3/17/20,32350.0,0.0,0.0
1170,Wakulla,16,0,3,3/18/20,32350.0,0.0,0.0
1239,Wakulla,17,0,3,3/19/20,32350.0,0.0,0.0
1308,Wakulla,18,0,3,3/20/20,32350.0,0.0,0.0
1377,Wakulla,19,0,3,3/21/20,32350.0,0.0,0.0
1446,Wakulla,20,0,3,3/22/20,32350.0,0.0,0.0
1515,Wakulla,21,0,4,3/23/20,32350.0,0.0,0.0
1584,Wakulla,22,0,4,3/24/20,32350.0,0.0,0.0
44,Walton,0,0,1,3/2/20,67926.0,0.0,0.0
113,Walton,1,0,1,3/3/20,67926.0,0.0,0.0
182,Walton,2,0,1,3/4/20,67926.0,0.0,0.0
251,Walton,3,0,1,3/5/20,67926.0,0.0,0.0
320,Walton,4,0,1,3/6/20,67926.0,0.0,0.0
389,Walton,5,0,1,3/7/20,67926.0,0.0,0.0
458,Walton,6,0,1,3/8/20,67926.0,0.0,0.0
527,Walton,7,0,2,3/9/20,67926.0,0.0,0.0
596,Walton,8,0,2,3/10/20,67926.0,0.0,0.0
665,Walton,9,0,2,3/11/20,67926.0,0.0,0.0
734,Walton,10,0,2,3/12/20,67926.0,0.0,0.0
803,Walton,11,0,2,3/13/20,67926.0,0.0,0.0
872,Walton,12,0,2,3/14/20,67926.0,0.0,0.0
941,Walton,13,0,2,3/15/20,67926.0,0.0,0.0
1010,Walton,14,0,3,3/16/20,67926.0,0.0,0.0
1079,Walton,15,0,3,3/17/20,67926.0,0.0,0.0
1148,Walton,16,1,3,3/18/20,67926.0,1.4721903247651855,0.0
1217,Walton,17,0,3,3/19/20,67926.0,0.0,0.0
1286,Walton,18,2,3,3/20/20,67926.0,2.944380649530371,0.6931471805599453
1355,Walton,19,0,3,3/21/20,67926.0,0.0,0.0
1424,Walton,20,0,3,3/22/20,67926.0,0.0,0.0
1493,Walton,21,6,4,3/23/20,67926.0,8.833141948591114,1.791759469228055
1562,Walton,22,1,4,3/24/20,67926.0,1.4721903247651855,0.0
67,Washington,0,0,1,3/2/20,25243.0,0.0,0.0
136,Washington,1,0,1,3/3/20,25243.0,0.0,0.0
205,Washington,2,0,1,3/4/20,25243.0,0.0,0.0
274,Washington,3,0,1,3/5/20,25243.0,0.0,0.0
343,Washington,4,0,1,3/6/20,25243.0,0.0,0.0
412,Washington,5,0,1,3/7/20,25243.0,0.0,0.0
481,Washington,6,0,1,3/8/20,25243.0,0.0,0.0
550,Washington,7,0,2,3/9/20,25243.0,0.0,0.0
619,Washington,8,0,2,3/10/20,25243.0,0.0,0.0
688,Washington,9,0,2,3/11/20,25243.0,0.0,0.0
757,Washington,10,0,2,3/12/20,25243.0,0.0,0.0
826,Washington,11,0,2,3/13/20,25243.0,0.0,0.0
895,Washington,12,0,2,3/14/20,25243.0,0.0,0.0
964,Washington,13,0,2,3/15/20,25243.0,0.0,0.0
1033,Washington,14,0,3,3/16/20,25243.0,0.0,0.0
1102,Washington,15,0,3,3/17/20,25243.0,0.0,0.0
1171,Washington,16,0,3,3/18/20,25243.0,0.0,0.0
1240,Washington,17,0,3,3/19/20,25243.0,0.0,0.0
1309,Washington,18,0,3,3/20/20,25243.0,0.0,0.0
1378,Washington,19,0,3,3/21/20,25243.0,0.0,0.0
1447,Washington,20,0,3,3/22/20,25243.0,0.0,0.0
1516,Washington,21,0,4,3/23/20,25243.0,0.0,0.0
1585,Washington,22,0,4,3/24/20,25243.0,0.0,0.0
