,County,Day,Cases,Week,Date,Population,Rate,Change,Double
0,Alachua,0,0.0,1,3/2/20,263753.0,0.0,0.0,No
69,Alachua,1,0.0,1,3/3/20,263753.0,0.0,0.0,No
138,Alachua,2,0.0,1,3/4/20,263753.0,0.0,0.0,No
207,Alachua,3,0.0,1,3/5/20,263753.0,0.0,0.0,No
276,Alachua,4,0.0,1,3/6/20,263753.0,0.0,0.0,No
345,Alachua,5,0.0,1,3/7/20,263753.0,0.0,0.0,No
414,Alachua,6,0.0,1,3/8/20,263753.0,0.0,0.0,No
483,Alachua,7,0.0,2,3/9/20,263753.0,0.0,0.0,No
552,Alachua,8,1.0,2,3/10/20,263753.0,0.3791426069087366,1.0,Yes
621,Alachua,9,0.0,2,3/11/20,263753.0,0.0,-1.0,No
690,Alachua,10,0.0,2,3/12/20,263753.0,0.0,0.0,No
759,Alachua,11,1.0,2,3/13/20,263753.0,0.3791426069087366,1.0,Yes
828,Alachua,12,1.0,2,3/14/20,263753.0,0.3791426069087366,0.0,Yes
897,Alachua,13,0.0,2,3/15/20,263753.0,0.0,-1.0,No
966,Alachua,14,1.0,3,3/16/20,263753.0,0.3791426069087366,1.0,Yes
1035,Alachua,15,2.0,3,3/17/20,263753.0,0.7582852138174732,1.0,Yes
1104,Alachua,16,3.0,3,3/18/20,263753.0,1.1374278207262098,1.0,Yes
1173,Alachua,17,2.0,3,3/19/20,263753.0,0.7582852138174732,-1.0,No
1242,Alachua,18,5.0,3,3/20/20,263753.0,1.8957130345436828,3.0,Yes
1311,Alachua,19,13.0,3,3/21/20,263753.0,4.928853889813576,8.0,Yes
1380,Alachua,20,5.0,3,3/22/20,263753.0,1.8957130345436828,-8.0,No
1449,Alachua,21,2.0,4,3/23/20,263753.0,0.7582852138174732,-3.0,No
1518,Alachua,22,1.0,4,3/24/20,263753.0,0.3791426069087366,-1.0,No
1,Baker,0,0.0,1,3/2/20,27488.0,0.0,0.0,No
70,Baker,1,0.0,1,3/3/20,27488.0,0.0,0.0,No
139,Baker,2,0.0,1,3/4/20,27488.0,0.0,0.0,No
208,Baker,3,0.0,1,3/5/20,27488.0,0.0,0.0,No
277,Baker,4,0.0,1,3/6/20,27488.0,0.0,0.0,No
346,Baker,5,0.0,1,3/7/20,27488.0,0.0,0.0,No
415,Baker,6,0.0,1,3/8/20,27488.0,0.0,0.0,No
484,Baker,7,0.0,2,3/9/20,27488.0,0.0,0.0,No
553,Baker,8,0.0,2,3/10/20,27488.0,0.0,0.0,No
622,Baker,9,0.0,2,3/11/20,27488.0,0.0,0.0,No
691,Baker,10,0.0,2,3/12/20,27488.0,0.0,0.0,No
760,Baker,11,0.0,2,3/13/20,27488.0,0.0,0.0,No
829,Baker,12,0.0,2,3/14/20,27488.0,0.0,0.0,No
898,Baker,13,0.0,2,3/15/20,27488.0,0.0,0.0,No
967,Baker,14,0.0,3,3/16/20,27488.0,0.0,0.0,No
1036,Baker,15,0.0,3,3/17/20,27488.0,0.0,0.0,No
1105,Baker,16,0.0,3,3/18/20,27488.0,0.0,0.0,No
1174,Baker,17,0.0,3,3/19/20,27488.0,0.0,0.0,No
1243,Baker,18,1.0,3,3/20/20,27488.0,3.637951105937136,1.0,Yes
1312,Baker,19,0.0,3,3/21/20,27488.0,0.0,-1.0,No
1381,Baker,20,2.0,3,3/22/20,27488.0,7.275902211874272,2.0,Yes
1450,Baker,21,0.0,4,3/23/20,27488.0,0.0,-2.0,No
1519,Baker,22,1.0,4,3/24/20,27488.0,3.637951105937136,1.0,Yes
2,Bay,0,0.0,1,3/2/20,182218.0,0.0,0.0,No
71,Bay,1,0.0,1,3/3/20,182218.0,0.0,0.0,No
140,Bay,2,0.0,1,3/4/20,182218.0,0.0,0.0,No
209,Bay,3,0.0,1,3/5/20,182218.0,0.0,0.0,No
278,Bay,4,0.0,1,3/6/20,182218.0,0.0,0.0,No
347,Bay,5,0.0,1,3/7/20,182218.0,0.0,0.0,No
416,Bay,6,0.0,1,3/8/20,182218.0,0.0,0.0,No
485,Bay,7,0.0,2,3/9/20,182218.0,0.0,0.0,No
554,Bay,8,0.0,2,3/10/20,182218.0,0.0,0.0,No
623,Bay,9,0.0,2,3/11/20,182218.0,0.0,0.0,No
692,Bay,10,0.0,2,3/12/20,182218.0,0.0,0.0,No
761,Bay,11,0.0,2,3/13/20,182218.0,0.0,0.0,No
830,Bay,12,0.0,2,3/14/20,182218.0,0.0,0.0,No
899,Bay,13,0.0,2,3/15/20,182218.0,0.0,0.0,No
968,Bay,14,0.0,3,3/16/20,182218.0,0.0,0.0,No
1037,Bay,15,0.0,3,3/17/20,182218.0,0.0,0.0,No
1106,Bay,16,0.0,3,3/18/20,182218.0,0.0,0.0,No
1175,Bay,17,0.0,3,3/19/20,182218.0,0.0,0.0,No
1244,Bay,18,0.0,3,3/20/20,182218.0,0.0,0.0,No
1313,Bay,19,1.0,3,3/21/20,182218.0,0.5487932037449648,1.0,Yes
1382,Bay,20,0.0,3,3/22/20,182218.0,0.0,-1.0,No
1451,Bay,21,0.0,4,3/23/20,182218.0,0.0,0.0,No
1520,Bay,22,0.0,4,3/24/20,182218.0,0.0,0.0,No
3,Bradford,0,0.0,1,3/2/20,28083.0,0.0,0.0,No
72,Bradford,1,0.0,1,3/3/20,28083.0,0.0,0.0,No
141,Bradford,2,0.0,1,3/4/20,28083.0,0.0,0.0,No
210,Bradford,3,0.0,1,3/5/20,28083.0,0.0,0.0,No
279,Bradford,4,0.0,1,3/6/20,28083.0,0.0,0.0,No
348,Bradford,5,0.0,1,3/7/20,28083.0,0.0,0.0,No
417,Bradford,6,0.0,1,3/8/20,28083.0,0.0,0.0,No
486,Bradford,7,0.0,2,3/9/20,28083.0,0.0,0.0,No
555,Bradford,8,0.0,2,3/10/20,28083.0,0.0,0.0,No
624,Bradford,9,0.0,2,3/11/20,28083.0,0.0,0.0,No
693,Bradford,10,0.0,2,3/12/20,28083.0,0.0,0.0,No
762,Bradford,11,0.0,2,3/13/20,28083.0,0.0,0.0,No
831,Bradford,12,0.0,2,3/14/20,28083.0,0.0,0.0,No
900,Bradford,13,0.0,2,3/15/20,28083.0,0.0,0.0,No
969,Bradford,14,0.0,3,3/16/20,28083.0,0.0,0.0,No
1038,Bradford,15,0.0,3,3/17/20,28083.0,0.0,0.0,No
1107,Bradford,16,0.0,3,3/18/20,28083.0,0.0,0.0,No
1176,Bradford,17,0.0,3,3/19/20,28083.0,0.0,0.0,No
1245,Bradford,18,0.0,3,3/20/20,28083.0,0.0,0.0,No
1314,Bradford,19,0.0,3,3/21/20,28083.0,0.0,0.0,No
1383,Bradford,20,1.0,3,3/22/20,28083.0,3.5608731260905175,1.0,Yes
1452,Bradford,21,0.0,4,3/23/20,28083.0,0.0,-1.0,No
1521,Bradford,22,0.0,4,3/24/20,28083.0,0.0,0.0,No
4,Brevard,0,0.0,1,3/2/20,584050.0,0.0,0.0,No
73,Brevard,1,0.0,1,3/3/20,584050.0,0.0,0.0,No
142,Brevard,2,0.0,1,3/4/20,584050.0,0.0,0.0,No
211,Brevard,3,0.0,1,3/5/20,584050.0,0.0,0.0,No
280,Brevard,4,0.0,1,3/6/20,584050.0,0.0,0.0,No
349,Brevard,5,0.0,1,3/7/20,584050.0,0.0,0.0,No
418,Brevard,6,0.0,1,3/8/20,584050.0,0.0,0.0,No
487,Brevard,7,0.0,2,3/9/20,584050.0,0.0,0.0,No
556,Brevard,8,0.0,2,3/10/20,584050.0,0.0,0.0,No
625,Brevard,9,0.0,2,3/11/20,584050.0,0.0,0.0,No
694,Brevard,10,0.0,2,3/12/20,584050.0,0.0,0.0,No
763,Brevard,11,0.0,2,3/13/20,584050.0,0.0,0.0,No
832,Brevard,12,0.0,2,3/14/20,584050.0,0.0,0.0,No
901,Brevard,13,0.0,2,3/15/20,584050.0,0.0,0.0,No
970,Brevard,14,0.0,3,3/16/20,584050.0,0.0,0.0,No
1039,Brevard,15,1.0,3,3/17/20,584050.0,0.1712182176183546,1.0,Yes
1108,Brevard,16,1.0,3,3/18/20,584050.0,0.1712182176183546,0.0,Yes
1177,Brevard,17,1.0,3,3/19/20,584050.0,0.1712182176183546,0.0,Yes
1246,Brevard,18,1.0,3,3/20/20,584050.0,0.1712182176183546,0.0,Yes
1315,Brevard,19,1.0,3,3/21/20,584050.0,0.1712182176183546,0.0,Yes
1384,Brevard,20,2.0,3,3/22/20,584050.0,0.3424364352367092,1.0,Yes
1453,Brevard,21,0.0,4,3/23/20,584050.0,0.0,-2.0,No
1522,Brevard,22,2.0,4,3/24/20,584050.0,0.3424364352367092,2.0,Yes
5,Broward,0,0.0,1,3/2/20,1903210.0,0.0,0.0,No
74,Broward,1,0.0,1,3/3/20,1903210.0,0.0,0.0,No
143,Broward,2,0.0,1,3/4/20,1903210.0,0.0,0.0,No
212,Broward,3,0.0,1,3/5/20,1903210.0,0.0,0.0,No
281,Broward,4,0.0,1,3/6/20,1903210.0,0.0,0.0,No
350,Broward,5,2.0,1,3/7/20,1903210.0,0.10508561850767913,2.0,Yes
419,Broward,6,0.0,1,3/8/20,1903210.0,0.0,-2.0,No
488,Broward,7,1.0,2,3/9/20,1903210.0,0.05254280925383956,1.0,Yes
557,Broward,8,1.0,2,3/10/20,1903210.0,0.05254280925383956,0.0,Yes
626,Broward,9,0.0,2,3/11/20,1903210.0,0.0,-1.0,No
695,Broward,10,3.0,2,3/12/20,1903210.0,0.1576284277615187,3.0,Yes
764,Broward,11,5.0,2,3/13/20,1903210.0,0.2627140462691978,2.0,Yes
833,Broward,12,13.0,2,3/14/20,1903210.0,0.6830565202999144,8.0,Yes
902,Broward,13,16.0,2,3/15/20,1903210.0,0.840684948061433,3.0,Yes
971,Broward,14,6.0,3,3/16/20,1903210.0,0.3152568555230374,-10.0,No
1040,Broward,15,8.0,3,3/17/20,1903210.0,0.4203424740307165,2.0,Yes
1109,Broward,16,27.0,3,3/18/20,1903210.0,1.4186558498536683,19.0,Yes
1178,Broward,17,13.0,3,3/19/20,1903210.0,0.6830565202999144,-14.0,No
1247,Broward,18,31.0,3,3/20/20,1903210.0,1.6288270868690264,18.0,Yes
1316,Broward,19,39.0,3,3/21/20,1903210.0,2.049169560899743,8.0,Yes
1385,Broward,20,69.0,3,3/22/20,1903210.0,3.62545383851493,30.0,Yes
1454,Broward,21,43.0,4,3/23/20,1903210.0,2.2593407979151015,-26.0,No
1523,Broward,22,34.0,4,3/24/20,1903210.0,1.7864555146305452,-9.0,No
45,Calhoun,0,0.0,1,3/2/20,15315.0,0.0,0.0,No
114,Calhoun,1,0.0,1,3/3/20,15315.0,0.0,0.0,No
183,Calhoun,2,0.0,1,3/4/20,15315.0,0.0,0.0,No
252,Calhoun,3,0.0,1,3/5/20,15315.0,0.0,0.0,No
321,Calhoun,4,0.0,1,3/6/20,15315.0,0.0,0.0,No
390,Calhoun,5,0.0,1,3/7/20,15315.0,0.0,0.0,No
459,Calhoun,6,0.0,1,3/8/20,15315.0,0.0,0.0,No
528,Calhoun,7,0.0,2,3/9/20,15315.0,0.0,0.0,No
597,Calhoun,8,0.0,2,3/10/20,15315.0,0.0,0.0,No
666,Calhoun,9,0.0,2,3/11/20,15315.0,0.0,0.0,No
735,Calhoun,10,0.0,2,3/12/20,15315.0,0.0,0.0,No
804,Calhoun,11,0.0,2,3/13/20,15315.0,0.0,0.0,No
873,Calhoun,12,0.0,2,3/14/20,15315.0,0.0,0.0,No
942,Calhoun,13,0.0,2,3/15/20,15315.0,0.0,0.0,No
1011,Calhoun,14,0.0,3,3/16/20,15315.0,0.0,0.0,No
1080,Calhoun,15,0.0,3,3/17/20,15315.0,0.0,0.0,No
1149,Calhoun,16,0.0,3,3/18/20,15315.0,0.0,0.0,No
1218,Calhoun,17,0.0,3,3/19/20,15315.0,0.0,0.0,No
1287,Calhoun,18,0.0,3,3/20/20,15315.0,0.0,0.0,No
1356,Calhoun,19,0.0,3,3/21/20,15315.0,0.0,0.0,No
1425,Calhoun,20,0.0,3,3/22/20,15315.0,0.0,0.0,No
1494,Calhoun,21,0.0,4,3/23/20,15315.0,0.0,0.0,No
1563,Calhoun,22,0.0,4,3/24/20,15315.0,0.0,0.0,No
6,Charlotte,0,0.0,1,3/2/20,175413.0,0.0,0.0,No
75,Charlotte,1,0.0,1,3/3/20,175413.0,0.0,0.0,No
144,Charlotte,2,0.0,1,3/4/20,175413.0,0.0,0.0,No
213,Charlotte,3,0.0,1,3/5/20,175413.0,0.0,0.0,No
282,Charlotte,4,0.0,1,3/6/20,175413.0,0.0,0.0,No
351,Charlotte,5,0.0,1,3/7/20,175413.0,0.0,0.0,No
420,Charlotte,6,0.0,1,3/8/20,175413.0,0.0,0.0,No
489,Charlotte,7,1.0,2,3/9/20,175413.0,0.5700831751352523,1.0,Yes
558,Charlotte,8,0.0,2,3/10/20,175413.0,0.0,-1.0,No
627,Charlotte,9,0.0,2,3/11/20,175413.0,0.0,0.0,No
696,Charlotte,10,0.0,2,3/12/20,175413.0,0.0,0.0,No
765,Charlotte,11,0.0,2,3/13/20,175413.0,0.0,0.0,No
834,Charlotte,12,0.0,2,3/14/20,175413.0,0.0,0.0,No
903,Charlotte,13,0.0,2,3/15/20,175413.0,0.0,0.0,No
972,Charlotte,14,0.0,3,3/16/20,175413.0,0.0,0.0,No
1041,Charlotte,15,0.0,3,3/17/20,175413.0,0.0,0.0,No
1110,Charlotte,16,0.0,3,3/18/20,175413.0,0.0,0.0,No
1179,Charlotte,17,0.0,3,3/19/20,175413.0,0.0,0.0,No
1248,Charlotte,18,1.0,3,3/20/20,175413.0,0.5700831751352523,1.0,Yes
1317,Charlotte,19,0.0,3,3/21/20,175413.0,0.0,-1.0,No
1386,Charlotte,20,1.0,3,3/22/20,175413.0,0.5700831751352523,1.0,Yes
1455,Charlotte,21,0.0,4,3/23/20,175413.0,0.0,-1.0,No
1524,Charlotte,22,0.0,4,3/24/20,175413.0,0.0,0.0,No
7,Citrus,0,0.0,1,3/2/20,145164.0,0.0,0.0,No
76,Citrus,1,0.0,1,3/3/20,145164.0,0.0,0.0,No
145,Citrus,2,0.0,1,3/4/20,145164.0,0.0,0.0,No
214,Citrus,3,0.0,1,3/5/20,145164.0,0.0,0.0,No
283,Citrus,4,0.0,1,3/6/20,145164.0,0.0,0.0,No
352,Citrus,5,0.0,1,3/7/20,145164.0,0.0,0.0,No
421,Citrus,6,0.0,1,3/8/20,145164.0,0.0,0.0,No
490,Citrus,7,0.0,2,3/9/20,145164.0,0.0,0.0,No
559,Citrus,8,0.0,2,3/10/20,145164.0,0.0,0.0,No
628,Citrus,9,0.0,2,3/11/20,145164.0,0.0,0.0,No
697,Citrus,10,0.0,2,3/12/20,145164.0,0.0,0.0,No
766,Citrus,11,0.0,2,3/13/20,145164.0,0.0,0.0,No
835,Citrus,12,0.0,2,3/14/20,145164.0,0.0,0.0,No
904,Citrus,13,1.0,2,3/15/20,145164.0,0.6888760298696647,1.0,Yes
973,Citrus,14,0.0,3,3/16/20,145164.0,0.0,-1.0,No
1042,Citrus,15,1.0,3,3/17/20,145164.0,0.6888760298696647,1.0,Yes
1111,Citrus,16,1.0,3,3/18/20,145164.0,0.6888760298696647,0.0,Yes
1180,Citrus,17,0.0,3,3/19/20,145164.0,0.0,-1.0,No
1249,Citrus,18,2.0,3,3/20/20,145164.0,1.3777520597393293,2.0,Yes
1318,Citrus,19,3.0,3,3/21/20,145164.0,2.0666280896089937,1.0,Yes
1387,Citrus,20,1.0,3,3/22/20,145164.0,0.6888760298696647,-2.0,No
1456,Citrus,21,0.0,4,3/23/20,145164.0,0.0,-1.0,No
1525,Citrus,22,0.0,4,3/24/20,145164.0,0.0,0.0,No
8,Clay,0,0.0,1,3/2/20,213565.0,0.0,0.0,No
77,Clay,1,0.0,1,3/3/20,213565.0,0.0,0.0,No
146,Clay,2,0.0,1,3/4/20,213565.0,0.0,0.0,No
215,Clay,3,0.0,1,3/5/20,213565.0,0.0,0.0,No
284,Clay,4,0.0,1,3/6/20,213565.0,0.0,0.0,No
353,Clay,5,0.0,1,3/7/20,213565.0,0.0,0.0,No
422,Clay,6,0.0,1,3/8/20,213565.0,0.0,0.0,No
491,Clay,7,0.0,2,3/9/20,213565.0,0.0,0.0,No
560,Clay,8,0.0,2,3/10/20,213565.0,0.0,0.0,No
629,Clay,9,0.0,2,3/11/20,213565.0,0.0,0.0,No
698,Clay,10,0.0,2,3/12/20,213565.0,0.0,0.0,No
767,Clay,11,1.0,2,3/13/20,213565.0,0.4682415189754876,1.0,Yes
836,Clay,12,2.0,2,3/14/20,213565.0,0.9364830379509752,1.0,Yes
905,Clay,13,0.0,2,3/15/20,213565.0,0.0,-2.0,No
974,Clay,14,0.0,3,3/16/20,213565.0,0.0,0.0,No
1043,Clay,15,1.0,3,3/17/20,213565.0,0.4682415189754876,1.0,Yes
1112,Clay,16,0.0,3,3/18/20,213565.0,0.0,-1.0,No
1181,Clay,17,0.0,3,3/19/20,213565.0,0.0,0.0,No
1250,Clay,18,1.0,3,3/20/20,213565.0,0.4682415189754876,1.0,Yes
1319,Clay,19,1.0,3,3/21/20,213565.0,0.4682415189754876,0.0,Yes
1388,Clay,20,2.0,3,3/22/20,213565.0,0.9364830379509752,1.0,Yes
1457,Clay,21,0.0,4,3/23/20,213565.0,0.0,-2.0,No
1526,Clay,22,2.0,4,3/24/20,213565.0,0.9364830379509752,2.0,Yes
9,Collier,0,0.0,1,3/2/20,367471.0,0.0,0.0,No
78,Collier,1,0.0,1,3/3/20,367471.0,0.0,0.0,No
147,Collier,2,0.0,1,3/4/20,367471.0,0.0,0.0,No
216,Collier,3,0.0,1,3/5/20,367471.0,0.0,0.0,No
285,Collier,4,0.0,1,3/6/20,367471.0,0.0,0.0,No
354,Collier,5,0.0,1,3/7/20,367471.0,0.0,0.0,No
423,Collier,6,0.0,1,3/8/20,367471.0,0.0,0.0,No
492,Collier,7,0.0,2,3/9/20,367471.0,0.0,0.0,No
561,Collier,8,0.0,2,3/10/20,367471.0,0.0,0.0,No
630,Collier,9,3.0,2,3/11/20,367471.0,0.8163909532997162,3.0,Yes
699,Collier,10,0.0,2,3/12/20,367471.0,0.0,-3.0,No
768,Collier,11,0.0,2,3/13/20,367471.0,0.0,0.0,No
837,Collier,12,1.0,2,3/14/20,367471.0,0.27213031776657204,1.0,Yes
906,Collier,13,2.0,2,3/15/20,367471.0,0.5442606355331441,1.0,Yes
975,Collier,14,1.0,3,3/16/20,367471.0,0.27213031776657204,-1.0,No
1044,Collier,15,1.0,3,3/17/20,367471.0,0.27213031776657204,0.0,Yes
1113,Collier,16,5.0,3,3/18/20,367471.0,1.3606515888328603,4.0,Yes
1182,Collier,17,5.0,3,3/19/20,367471.0,1.3606515888328603,0.0,Yes
1251,Collier,18,9.0,3,3/20/20,367471.0,2.4491728598991487,4.0,Yes
1320,Collier,19,1.0,3,3/21/20,367471.0,0.27213031776657204,-8.0,No
1389,Collier,20,6.0,3,3/22/20,367471.0,1.6327819065994325,5.0,Yes
1458,Collier,21,5.0,4,3/23/20,367471.0,1.3606515888328603,-1.0,No
1527,Collier,22,2.0,4,3/24/20,367471.0,0.5442606355331441,-3.0,No
10,Columbia,0,0.0,1,3/2/20,69566.0,0.0,0.0,No
79,Columbia,1,0.0,1,3/3/20,69566.0,0.0,0.0,No
148,Columbia,2,0.0,1,3/4/20,69566.0,0.0,0.0,No
217,Columbia,3,0.0,1,3/5/20,69566.0,0.0,0.0,No
286,Columbia,4,0.0,1,3/6/20,69566.0,0.0,0.0,No
355,Columbia,5,0.0,1,3/7/20,69566.0,0.0,0.0,No
424,Columbia,6,0.0,1,3/8/20,69566.0,0.0,0.0,No
493,Columbia,7,0.0,2,3/9/20,69566.0,0.0,0.0,No
562,Columbia,8,0.0,2,3/10/20,69566.0,0.0,0.0,No
631,Columbia,9,0.0,2,3/11/20,69566.0,0.0,0.0,No
700,Columbia,10,0.0,2,3/12/20,69566.0,0.0,0.0,No
769,Columbia,11,0.0,2,3/13/20,69566.0,0.0,0.0,No
838,Columbia,12,0.0,2,3/14/20,69566.0,0.0,0.0,No
907,Columbia,13,0.0,2,3/15/20,69566.0,0.0,0.0,No
976,Columbia,14,0.0,3,3/16/20,69566.0,0.0,0.0,No
1045,Columbia,15,0.0,3,3/17/20,69566.0,0.0,0.0,No
1114,Columbia,16,0.0,3,3/18/20,69566.0,0.0,0.0,No
1183,Columbia,17,0.0,3,3/19/20,69566.0,0.0,0.0,No
1252,Columbia,18,0.0,3,3/20/20,69566.0,0.0,0.0,No
1321,Columbia,19,1.0,3,3/21/20,69566.0,1.4374838283069316,1.0,Yes
1390,Columbia,20,1.0,3,3/22/20,69566.0,1.4374838283069316,0.0,Yes
1459,Columbia,21,1.0,4,3/23/20,69566.0,1.4374838283069316,0.0,Yes
1528,Columbia,22,0.0,4,3/24/20,69566.0,0.0,-1.0,No
11,Dade,0,0.0,1,3/2/20,2804160.0,0.0,0.0,No
80,Dade,1,0.0,1,3/3/20,2804160.0,0.0,0.0,No
149,Dade,2,1.0,1,3/4/20,2804160.0,0.035661303206664385,1.0,Yes
218,Dade,3,0.0,1,3/5/20,2804160.0,0.0,-1.0,No
287,Dade,4,0.0,1,3/6/20,2804160.0,0.0,0.0,No
356,Dade,5,0.0,1,3/7/20,2804160.0,0.0,0.0,No
425,Dade,6,0.0,1,3/8/20,2804160.0,0.0,0.0,No
494,Dade,7,0.0,2,3/9/20,2804160.0,0.0,0.0,No
563,Dade,8,0.0,2,3/10/20,2804160.0,0.0,0.0,No
632,Dade,9,0.0,2,3/11/20,2804160.0,0.0,0.0,No
701,Dade,10,1.0,2,3/12/20,2804160.0,0.035661303206664385,1.0,Yes
770,Dade,11,2.0,2,3/13/20,2804160.0,0.07132260641332877,1.0,Yes
839,Dade,12,10.0,2,3/14/20,2804160.0,0.3566130320666438,8.0,Yes
908,Dade,13,8.0,2,3/15/20,2804160.0,0.2852904256533151,-2.0,No
977,Dade,14,7.0,3,3/16/20,2804160.0,0.2496291224466507,-1.0,No
1046,Dade,15,26.0,3,3/17/20,2804160.0,0.927193883373274,19.0,Yes
1115,Dade,16,24.0,3,3/18/20,2804160.0,0.8558712769599452,-2.0,No
1184,Dade,17,23.0,3,3/19/20,2804160.0,0.8202099737532809,-1.0,No
1253,Dade,18,23.0,3,3/20/20,2804160.0,0.8202099737532809,0.0,Yes
1322,Dade,19,50.0,3,3/21/20,2804160.0,1.783065160333219,27.0,Yes
1391,Dade,20,87.0,3,3/22/20,2804160.0,3.1025333789798015,37.0,Yes
1460,Dade,21,38.0,4,3/23/20,2804160.0,1.3551295218532466,-49.0,No
1529,Dade,22,38.0,4,3/24/20,2804160.0,1.3551295218532466,0.0,Yes
12,Desoto,0,0.0,1,3/2/20,35940.0,0.0,0.0,No
81,Desoto,1,0.0,1,3/3/20,35940.0,0.0,0.0,No
150,Desoto,2,0.0,1,3/4/20,35940.0,0.0,0.0,No
219,Desoto,3,0.0,1,3/5/20,35940.0,0.0,0.0,No
288,Desoto,4,0.0,1,3/6/20,35940.0,0.0,0.0,No
357,Desoto,5,0.0,1,3/7/20,35940.0,0.0,0.0,No
426,Desoto,6,0.0,1,3/8/20,35940.0,0.0,0.0,No
495,Desoto,7,0.0,2,3/9/20,35940.0,0.0,0.0,No
564,Desoto,8,0.0,2,3/10/20,35940.0,0.0,0.0,No
633,Desoto,9,0.0,2,3/11/20,35940.0,0.0,0.0,No
702,Desoto,10,0.0,2,3/12/20,35940.0,0.0,0.0,No
771,Desoto,11,0.0,2,3/13/20,35940.0,0.0,0.0,No
840,Desoto,12,0.0,2,3/14/20,35940.0,0.0,0.0,No
909,Desoto,13,0.0,2,3/15/20,35940.0,0.0,0.0,No
978,Desoto,14,0.0,3,3/16/20,35940.0,0.0,0.0,No
1047,Desoto,15,0.0,3,3/17/20,35940.0,0.0,0.0,No
1116,Desoto,16,0.0,3,3/18/20,35940.0,0.0,0.0,No
1185,Desoto,17,0.0,3,3/19/20,35940.0,0.0,0.0,No
1254,Desoto,18,0.0,3,3/20/20,35940.0,0.0,0.0,No
1323,Desoto,19,0.0,3,3/21/20,35940.0,0.0,0.0,No
1392,Desoto,20,1.0,3,3/22/20,35940.0,2.7824151363383414,1.0,Yes
1461,Desoto,21,0.0,4,3/23/20,35940.0,0.0,-1.0,No
1530,Desoto,22,0.0,4,3/24/20,35940.0,0.0,0.0,No
46,Dixie,0,0.0,1,3/2/20,16767.0,0.0,0.0,No
115,Dixie,1,0.0,1,3/3/20,16767.0,0.0,0.0,No
184,Dixie,2,0.0,1,3/4/20,16767.0,0.0,0.0,No
253,Dixie,3,0.0,1,3/5/20,16767.0,0.0,0.0,No
322,Dixie,4,0.0,1,3/6/20,16767.0,0.0,0.0,No
391,Dixie,5,0.0,1,3/7/20,16767.0,0.0,0.0,No
460,Dixie,6,0.0,1,3/8/20,16767.0,0.0,0.0,No
529,Dixie,7,0.0,2,3/9/20,16767.0,0.0,0.0,No
598,Dixie,8,0.0,2,3/10/20,16767.0,0.0,0.0,No
667,Dixie,9,0.0,2,3/11/20,16767.0,0.0,0.0,No
736,Dixie,10,0.0,2,3/12/20,16767.0,0.0,0.0,No
805,Dixie,11,0.0,2,3/13/20,16767.0,0.0,0.0,No
874,Dixie,12,0.0,2,3/14/20,16767.0,0.0,0.0,No
943,Dixie,13,0.0,2,3/15/20,16767.0,0.0,0.0,No
1012,Dixie,14,0.0,3,3/16/20,16767.0,0.0,0.0,No
1081,Dixie,15,0.0,3,3/17/20,16767.0,0.0,0.0,No
1150,Dixie,16,0.0,3,3/18/20,16767.0,0.0,0.0,No
1219,Dixie,17,0.0,3,3/19/20,16767.0,0.0,0.0,No
1288,Dixie,18,0.0,3,3/20/20,16767.0,0.0,0.0,No
1357,Dixie,19,0.0,3,3/21/20,16767.0,0.0,0.0,No
1426,Dixie,20,0.0,3,3/22/20,16767.0,0.0,0.0,No
1495,Dixie,21,0.0,4,3/23/20,16767.0,0.0,0.0,No
1564,Dixie,22,0.0,4,3/24/20,16767.0,0.0,0.0,No
13,Duval,0,0.0,1,3/2/20,954454.0,0.0,0.0,No
82,Duval,1,0.0,1,3/3/20,954454.0,0.0,0.0,No
151,Duval,2,0.0,1,3/4/20,954454.0,0.0,0.0,No
220,Duval,3,0.0,1,3/5/20,954454.0,0.0,0.0,No
289,Duval,4,0.0,1,3/6/20,954454.0,0.0,0.0,No
358,Duval,5,0.0,1,3/7/20,954454.0,0.0,0.0,No
427,Duval,6,0.0,1,3/8/20,954454.0,0.0,0.0,No
496,Duval,7,0.0,2,3/9/20,954454.0,0.0,0.0,No
565,Duval,8,0.0,2,3/10/20,954454.0,0.0,0.0,No
634,Duval,9,0.0,2,3/11/20,954454.0,0.0,0.0,No
703,Duval,10,0.0,2,3/12/20,954454.0,0.0,0.0,No
772,Duval,11,1.0,2,3/13/20,954454.0,0.10477194291186376,1.0,Yes
841,Duval,12,0.0,2,3/14/20,954454.0,0.0,-1.0,No
910,Duval,13,3.0,2,3/15/20,954454.0,0.3143158287355913,3.0,Yes
979,Duval,14,1.0,3,3/16/20,954454.0,0.10477194291186376,-2.0,No
1048,Duval,15,5.0,3,3/17/20,954454.0,0.5238597145593188,4.0,Yes
1117,Duval,16,3.0,3,3/18/20,954454.0,0.3143158287355913,-2.0,No
1186,Duval,17,1.0,3,3/19/20,954454.0,0.10477194291186376,-2.0,No
1255,Duval,18,4.0,3,3/20/20,954454.0,0.41908777164745503,3.0,Yes
1324,Duval,19,15.0,3,3/21/20,954454.0,1.571579143677956,11.0,Yes
1393,Duval,20,7.0,3,3/22/20,954454.0,0.7334036003830462,-8.0,No
1462,Duval,21,10.0,4,3/23/20,954454.0,1.0477194291186376,3.0,Yes
1531,Duval,22,0.0,4,3/24/20,954454.0,0.0,-10.0,No
14,Escambia,0,0.0,1,3/2/20,317051.0,0.0,0.0,No
83,Escambia,1,0.0,1,3/3/20,317051.0,0.0,0.0,No
152,Escambia,2,0.0,1,3/4/20,317051.0,0.0,0.0,No
221,Escambia,3,0.0,1,3/5/20,317051.0,0.0,0.0,No
290,Escambia,4,0.0,1,3/6/20,317051.0,0.0,0.0,No
359,Escambia,5,0.0,1,3/7/20,317051.0,0.0,0.0,No
428,Escambia,6,0.0,1,3/8/20,317051.0,0.0,0.0,No
497,Escambia,7,0.0,2,3/9/20,317051.0,0.0,0.0,No
566,Escambia,8,0.0,2,3/10/20,317051.0,0.0,0.0,No
635,Escambia,9,0.0,2,3/11/20,317051.0,0.0,0.0,No
704,Escambia,10,0.0,2,3/12/20,317051.0,0.0,0.0,No
773,Escambia,11,0.0,2,3/13/20,317051.0,0.0,0.0,No
842,Escambia,12,0.0,2,3/14/20,317051.0,0.0,0.0,No
911,Escambia,13,0.0,2,3/15/20,317051.0,0.0,0.0,No
980,Escambia,14,1.0,3,3/16/20,317051.0,0.31540666958943514,1.0,Yes
1049,Escambia,15,0.0,3,3/17/20,317051.0,0.0,-1.0,No
1118,Escambia,16,0.0,3,3/18/20,317051.0,0.0,0.0,No
1187,Escambia,17,0.0,3,3/19/20,317051.0,0.0,0.0,No
1256,Escambia,18,0.0,3,3/20/20,317051.0,0.0,0.0,No
1325,Escambia,19,0.0,3,3/21/20,317051.0,0.0,0.0,No
1394,Escambia,20,4.0,3,3/22/20,317051.0,1.2616266783577406,4.0,Yes
1463,Escambia,21,4.0,4,3/23/20,317051.0,1.2616266783577406,0.0,Yes
1532,Escambia,22,1.0,4,3/24/20,317051.0,0.31540666958943514,-3.0,No
15,Flagler,0,0.0,1,3/2/20,108481.0,0.0,0.0,No
84,Flagler,1,0.0,1,3/3/20,108481.0,0.0,0.0,No
153,Flagler,2,0.0,1,3/4/20,108481.0,0.0,0.0,No
222,Flagler,3,0.0,1,3/5/20,108481.0,0.0,0.0,No
291,Flagler,4,0.0,1,3/6/20,108481.0,0.0,0.0,No
360,Flagler,5,0.0,1,3/7/20,108481.0,0.0,0.0,No
429,Flagler,6,0.0,1,3/8/20,108481.0,0.0,0.0,No
498,Flagler,7,0.0,2,3/9/20,108481.0,0.0,0.0,No
567,Flagler,8,0.0,2,3/10/20,108481.0,0.0,0.0,No
636,Flagler,9,0.0,2,3/11/20,108481.0,0.0,0.0,No
705,Flagler,10,0.0,2,3/12/20,108481.0,0.0,0.0,No
774,Flagler,11,0.0,2,3/13/20,108481.0,0.0,0.0,No
843,Flagler,12,0.0,2,3/14/20,108481.0,0.0,0.0,No
912,Flagler,13,0.0,2,3/15/20,108481.0,0.0,0.0,No
981,Flagler,14,0.0,3,3/16/20,108481.0,0.0,0.0,No
1050,Flagler,15,0.0,3,3/17/20,108481.0,0.0,0.0,No
1119,Flagler,16,0.0,3,3/18/20,108481.0,0.0,0.0,No
1188,Flagler,17,0.0,3,3/19/20,108481.0,0.0,0.0,No
1257,Flagler,18,0.0,3,3/20/20,108481.0,0.0,0.0,No
1326,Flagler,19,0.0,3,3/21/20,108481.0,0.0,0.0,No
1395,Flagler,20,3.0,3,3/22/20,108481.0,2.765461232842618,3.0,Yes
1464,Flagler,21,1.0,4,3/23/20,108481.0,0.9218204109475392,-2.0,No
1533,Flagler,22,0.0,4,3/24/20,108481.0,0.0,-1.0,No
68,Florida,0,2.0,1,3/2/20,2095705.0,0.09543327901589202,0.0,No
137,Florida,1,2.0,1,3/3/20,2095705.0,0.09543327901589202,0.0,Yes
206,Florida,2,4.0,1,3/4/20,2095705.0,0.19086655803178404,2.0,Yes
275,Florida,3,1.0,1,3/5/20,2095705.0,0.04771663950794601,-3.0,No
344,Florida,4,0.0,1,3/6/20,2095705.0,0.0,-1.0,No
413,Florida,5,4.0,1,3/7/20,2095705.0,0.19086655803178404,4.0,Yes
482,Florida,6,1.0,1,3/8/20,2095705.0,0.04771663950794601,-3.0,No
551,Florida,7,5.0,2,3/9/20,2095705.0,0.23858319753973006,4.0,Yes
620,Florida,8,3.0,2,3/10/20,2095705.0,0.14314991852383804,-2.0,No
689,Florida,9,6.0,2,3/11/20,2095705.0,0.2862998370476761,3.0,Yes
758,Florida,10,7.0,2,3/12/20,2095705.0,0.3340164765556221,1.0,Yes
827,Florida,11,24.0,2,3/13/20,2095705.0,1.1451993481907043,17.0,Yes
896,Florida,12,45.0,2,3/14/20,2095705.0,2.1472487778575706,21.0,Yes
965,Florida,13,33.0,2,3/15/20,2095705.0,1.5746491037622186,-12.0,No
1034,Florida,14,32.0,3,3/16/20,2095705.0,1.5269324642542723,-1.0,No
1103,Florida,15,70.0,3,3/17/20,2095705.0,3.340164765556221,38.0,Yes
1172,Florida,16,107.0,3,3/18/20,2095705.0,5.105680427350223,37.0,Yes
1241,Florida,17,88.0,3,3/19/20,2095705.0,4.199064276699249,-19.0,No
1310,Florida,18,150.0,3,3/20/20,2095705.0,7.157495926191902,62.0,Yes
1379,Florida,19,217.0,3,3/21/20,2095705.0,10.354510773224284,67.0,Yes
1448,Florida,20,308.0,3,3/22/20,2095705.0,14.696724968447372,91.0,Yes
1517,Florida,21,195.0,4,3/23/20,2095705.0,9.304744704049472,-113.0,No
1586,Florida,22,108.0,4,3/24/20,2095705.0,5.15339706685817,-87.0,No
47,Franklin,0,0.0,1,3/2/20,12360.0,0.0,0.0,No
116,Franklin,1,0.0,1,3/3/20,12360.0,0.0,0.0,No
185,Franklin,2,0.0,1,3/4/20,12360.0,0.0,0.0,No
254,Franklin,3,0.0,1,3/5/20,12360.0,0.0,0.0,No
323,Franklin,4,0.0,1,3/6/20,12360.0,0.0,0.0,No
392,Franklin,5,0.0,1,3/7/20,12360.0,0.0,0.0,No
461,Franklin,6,0.0,1,3/8/20,12360.0,0.0,0.0,No
530,Franklin,7,0.0,2,3/9/20,12360.0,0.0,0.0,No
599,Franklin,8,0.0,2,3/10/20,12360.0,0.0,0.0,No
668,Franklin,9,0.0,2,3/11/20,12360.0,0.0,0.0,No
737,Franklin,10,0.0,2,3/12/20,12360.0,0.0,0.0,No
806,Franklin,11,0.0,2,3/13/20,12360.0,0.0,0.0,No
875,Franklin,12,0.0,2,3/14/20,12360.0,0.0,0.0,No
944,Franklin,13,0.0,2,3/15/20,12360.0,0.0,0.0,No
1013,Franklin,14,0.0,3,3/16/20,12360.0,0.0,0.0,No
1082,Franklin,15,0.0,3,3/17/20,12360.0,0.0,0.0,No
1151,Franklin,16,0.0,3,3/18/20,12360.0,0.0,0.0,No
1220,Franklin,17,0.0,3,3/19/20,12360.0,0.0,0.0,No
1289,Franklin,18,0.0,3,3/20/20,12360.0,0.0,0.0,No
1358,Franklin,19,0.0,3,3/21/20,12360.0,0.0,0.0,No
1427,Franklin,20,0.0,3,3/22/20,12360.0,0.0,0.0,No
1496,Franklin,21,0.0,4,3/23/20,12360.0,0.0,0.0,No
1565,Franklin,22,0.0,4,3/24/20,12360.0,0.0,0.0,No
16,Gadsden,0,0.0,1,3/2/20,48173.0,0.0,0.0,No
85,Gadsden,1,1.0,1,3/3/20,48173.0,2.075851618126336,1.0,Yes
154,Gadsden,2,0.0,1,3/4/20,48173.0,0.0,-1.0,No
223,Gadsden,3,0.0,1,3/5/20,48173.0,0.0,0.0,No
292,Gadsden,4,0.0,1,3/6/20,48173.0,0.0,0.0,No
361,Gadsden,5,0.0,1,3/7/20,48173.0,0.0,0.0,No
430,Gadsden,6,0.0,1,3/8/20,48173.0,0.0,0.0,No
499,Gadsden,7,0.0,2,3/9/20,48173.0,0.0,0.0,No
568,Gadsden,8,0.0,2,3/10/20,48173.0,0.0,0.0,No
637,Gadsden,9,0.0,2,3/11/20,48173.0,0.0,0.0,No
706,Gadsden,10,0.0,2,3/12/20,48173.0,0.0,0.0,No
775,Gadsden,11,0.0,2,3/13/20,48173.0,0.0,0.0,No
844,Gadsden,12,0.0,2,3/14/20,48173.0,0.0,0.0,No
913,Gadsden,13,0.0,2,3/15/20,48173.0,0.0,0.0,No
982,Gadsden,14,0.0,3,3/16/20,48173.0,0.0,0.0,No
1051,Gadsden,15,0.0,3,3/17/20,48173.0,0.0,0.0,No
1120,Gadsden,16,0.0,3,3/18/20,48173.0,0.0,0.0,No
1189,Gadsden,17,0.0,3,3/19/20,48173.0,0.0,0.0,No
1258,Gadsden,18,0.0,3,3/20/20,48173.0,0.0,0.0,No
1327,Gadsden,19,0.0,3,3/21/20,48173.0,0.0,0.0,No
1396,Gadsden,20,0.0,3,3/22/20,48173.0,0.0,0.0,No
1465,Gadsden,21,0.0,4,3/23/20,48173.0,0.0,0.0,No
1534,Gadsden,22,0.0,4,3/24/20,48173.0,0.0,0.0,No
48,Gilchrist,0,0.0,1,3/2/20,17578.0,0.0,0.0,No
117,Gilchrist,1,0.0,1,3/3/20,17578.0,0.0,0.0,No
186,Gilchrist,2,0.0,1,3/4/20,17578.0,0.0,0.0,No
255,Gilchrist,3,0.0,1,3/5/20,17578.0,0.0,0.0,No
324,Gilchrist,4,0.0,1,3/6/20,17578.0,0.0,0.0,No
393,Gilchrist,5,0.0,1,3/7/20,17578.0,0.0,0.0,No
462,Gilchrist,6,0.0,1,3/8/20,17578.0,0.0,0.0,No
531,Gilchrist,7,0.0,2,3/9/20,17578.0,0.0,0.0,No
600,Gilchrist,8,0.0,2,3/10/20,17578.0,0.0,0.0,No
669,Gilchrist,9,0.0,2,3/11/20,17578.0,0.0,0.0,No
738,Gilchrist,10,0.0,2,3/12/20,17578.0,0.0,0.0,No
807,Gilchrist,11,0.0,2,3/13/20,17578.0,0.0,0.0,No
876,Gilchrist,12,0.0,2,3/14/20,17578.0,0.0,0.0,No
945,Gilchrist,13,0.0,2,3/15/20,17578.0,0.0,0.0,No
1014,Gilchrist,14,0.0,3,3/16/20,17578.0,0.0,0.0,No
1083,Gilchrist,15,0.0,3,3/17/20,17578.0,0.0,0.0,No
1152,Gilchrist,16,0.0,3,3/18/20,17578.0,0.0,0.0,No
1221,Gilchrist,17,0.0,3,3/19/20,17578.0,0.0,0.0,No
1290,Gilchrist,18,0.0,3,3/20/20,17578.0,0.0,0.0,No
1359,Gilchrist,19,0.0,3,3/21/20,17578.0,0.0,0.0,No
1428,Gilchrist,20,0.0,3,3/22/20,17578.0,0.0,0.0,No
1497,Gilchrist,21,0.0,4,3/23/20,17578.0,0.0,0.0,No
1566,Gilchrist,22,0.0,4,3/24/20,17578.0,0.0,0.0,No
49,Glades,0,0.0,1,3/2/20,13193.0,0.0,0.0,No
118,Glades,1,0.0,1,3/3/20,13193.0,0.0,0.0,No
187,Glades,2,0.0,1,3/4/20,13193.0,0.0,0.0,No
256,Glades,3,0.0,1,3/5/20,13193.0,0.0,0.0,No
325,Glades,4,0.0,1,3/6/20,13193.0,0.0,0.0,No
394,Glades,5,0.0,1,3/7/20,13193.0,0.0,0.0,No
463,Glades,6,0.0,1,3/8/20,13193.0,0.0,0.0,No
532,Glades,7,0.0,2,3/9/20,13193.0,0.0,0.0,No
601,Glades,8,0.0,2,3/10/20,13193.0,0.0,0.0,No
670,Glades,9,0.0,2,3/11/20,13193.0,0.0,0.0,No
739,Glades,10,0.0,2,3/12/20,13193.0,0.0,0.0,No
808,Glades,11,0.0,2,3/13/20,13193.0,0.0,0.0,No
877,Glades,12,0.0,2,3/14/20,13193.0,0.0,0.0,No
946,Glades,13,0.0,2,3/15/20,13193.0,0.0,0.0,No
1015,Glades,14,0.0,3,3/16/20,13193.0,0.0,0.0,No
1084,Glades,15,0.0,3,3/17/20,13193.0,0.0,0.0,No
1153,Glades,16,0.0,3,3/18/20,13193.0,0.0,0.0,No
1222,Glades,17,0.0,3,3/19/20,13193.0,0.0,0.0,No
1291,Glades,18,0.0,3,3/20/20,13193.0,0.0,0.0,No
1360,Glades,19,0.0,3,3/21/20,13193.0,0.0,0.0,No
1429,Glades,20,0.0,3,3/22/20,13193.0,0.0,0.0,No
1498,Glades,21,0.0,4,3/23/20,13193.0,0.0,0.0,No
1567,Glades,22,0.0,4,3/24/20,13193.0,0.0,0.0,No
50,Gulf,0,0.0,1,3/2/20,16235.0,0.0,0.0,No
119,Gulf,1,0.0,1,3/3/20,16235.0,0.0,0.0,No
188,Gulf,2,0.0,1,3/4/20,16235.0,0.0,0.0,No
257,Gulf,3,0.0,1,3/5/20,16235.0,0.0,0.0,No
326,Gulf,4,0.0,1,3/6/20,16235.0,0.0,0.0,No
395,Gulf,5,0.0,1,3/7/20,16235.0,0.0,0.0,No
464,Gulf,6,0.0,1,3/8/20,16235.0,0.0,0.0,No
533,Gulf,7,0.0,2,3/9/20,16235.0,0.0,0.0,No
602,Gulf,8,0.0,2,3/10/20,16235.0,0.0,0.0,No
671,Gulf,9,0.0,2,3/11/20,16235.0,0.0,0.0,No
740,Gulf,10,0.0,2,3/12/20,16235.0,0.0,0.0,No
809,Gulf,11,0.0,2,3/13/20,16235.0,0.0,0.0,No
878,Gulf,12,0.0,2,3/14/20,16235.0,0.0,0.0,No
947,Gulf,13,0.0,2,3/15/20,16235.0,0.0,0.0,No
1016,Gulf,14,0.0,3,3/16/20,16235.0,0.0,0.0,No
1085,Gulf,15,0.0,3,3/17/20,16235.0,0.0,0.0,No
1154,Gulf,16,0.0,3,3/18/20,16235.0,0.0,0.0,No
1223,Gulf,17,0.0,3,3/19/20,16235.0,0.0,0.0,No
1292,Gulf,18,0.0,3,3/20/20,16235.0,0.0,0.0,No
1361,Gulf,19,0.0,3,3/21/20,16235.0,0.0,0.0,No
1430,Gulf,20,0.0,3,3/22/20,16235.0,0.0,0.0,No
1499,Gulf,21,0.0,4,3/23/20,16235.0,0.0,0.0,No
1568,Gulf,22,0.0,4,3/24/20,16235.0,0.0,0.0,No
51,Hamilton,0,0.0,1,3/2/20,14706.0,0.0,0.0,No
120,Hamilton,1,0.0,1,3/3/20,14706.0,0.0,0.0,No
189,Hamilton,2,0.0,1,3/4/20,14706.0,0.0,0.0,No
258,Hamilton,3,0.0,1,3/5/20,14706.0,0.0,0.0,No
327,Hamilton,4,0.0,1,3/6/20,14706.0,0.0,0.0,No
396,Hamilton,5,0.0,1,3/7/20,14706.0,0.0,0.0,No
465,Hamilton,6,0.0,1,3/8/20,14706.0,0.0,0.0,No
534,Hamilton,7,0.0,2,3/9/20,14706.0,0.0,0.0,No
603,Hamilton,8,0.0,2,3/10/20,14706.0,0.0,0.0,No
672,Hamilton,9,0.0,2,3/11/20,14706.0,0.0,0.0,No
741,Hamilton,10,0.0,2,3/12/20,14706.0,0.0,0.0,No
810,Hamilton,11,0.0,2,3/13/20,14706.0,0.0,0.0,No
879,Hamilton,12,0.0,2,3/14/20,14706.0,0.0,0.0,No
948,Hamilton,13,0.0,2,3/15/20,14706.0,0.0,0.0,No
1017,Hamilton,14,0.0,3,3/16/20,14706.0,0.0,0.0,No
1086,Hamilton,15,0.0,3,3/17/20,14706.0,0.0,0.0,No
1155,Hamilton,16,0.0,3,3/18/20,14706.0,0.0,0.0,No
1224,Hamilton,17,0.0,3,3/19/20,14706.0,0.0,0.0,No
1293,Hamilton,18,0.0,3,3/20/20,14706.0,0.0,0.0,No
1362,Hamilton,19,0.0,3,3/21/20,14706.0,0.0,0.0,No
1431,Hamilton,20,0.0,3,3/22/20,14706.0,0.0,0.0,No
1500,Hamilton,21,0.0,4,3/23/20,14706.0,0.0,0.0,No
1569,Hamilton,22,0.0,4,3/24/20,14706.0,0.0,0.0,No
52,Hardee,0,0.0,1,3/2/20,27436.0,0.0,0.0,No
121,Hardee,1,0.0,1,3/3/20,27436.0,0.0,0.0,No
190,Hardee,2,0.0,1,3/4/20,27436.0,0.0,0.0,No
259,Hardee,3,0.0,1,3/5/20,27436.0,0.0,0.0,No
328,Hardee,4,0.0,1,3/6/20,27436.0,0.0,0.0,No
397,Hardee,5,0.0,1,3/7/20,27436.0,0.0,0.0,No
466,Hardee,6,0.0,1,3/8/20,27436.0,0.0,0.0,No
535,Hardee,7,0.0,2,3/9/20,27436.0,0.0,0.0,No
604,Hardee,8,0.0,2,3/10/20,27436.0,0.0,0.0,No
673,Hardee,9,0.0,2,3/11/20,27436.0,0.0,0.0,No
742,Hardee,10,0.0,2,3/12/20,27436.0,0.0,0.0,No
811,Hardee,11,0.0,2,3/13/20,27436.0,0.0,0.0,No
880,Hardee,12,0.0,2,3/14/20,27436.0,0.0,0.0,No
949,Hardee,13,0.0,2,3/15/20,27436.0,0.0,0.0,No
1018,Hardee,14,0.0,3,3/16/20,27436.0,0.0,0.0,No
1087,Hardee,15,0.0,3,3/17/20,27436.0,0.0,0.0,No
1156,Hardee,16,0.0,3,3/18/20,27436.0,0.0,0.0,No
1225,Hardee,17,0.0,3,3/19/20,27436.0,0.0,0.0,No
1294,Hardee,18,0.0,3,3/20/20,27436.0,0.0,0.0,No
1363,Hardee,19,0.0,3,3/21/20,27436.0,0.0,0.0,No
1432,Hardee,20,0.0,3,3/22/20,27436.0,0.0,0.0,No
1501,Hardee,21,0.0,4,3/23/20,27436.0,0.0,0.0,No
1570,Hardee,22,0.0,4,3/24/20,27436.0,0.0,0.0,No
53,Hendry,0,0.0,1,3/2/20,39682.0,0.0,0.0,No
122,Hendry,1,0.0,1,3/3/20,39682.0,0.0,0.0,No
191,Hendry,2,0.0,1,3/4/20,39682.0,0.0,0.0,No
260,Hendry,3,0.0,1,3/5/20,39682.0,0.0,0.0,No
329,Hendry,4,0.0,1,3/6/20,39682.0,0.0,0.0,No
398,Hendry,5,0.0,1,3/7/20,39682.0,0.0,0.0,No
467,Hendry,6,0.0,1,3/8/20,39682.0,0.0,0.0,No
536,Hendry,7,0.0,2,3/9/20,39682.0,0.0,0.0,No
605,Hendry,8,0.0,2,3/10/20,39682.0,0.0,0.0,No
674,Hendry,9,0.0,2,3/11/20,39682.0,0.0,0.0,No
743,Hendry,10,0.0,2,3/12/20,39682.0,0.0,0.0,No
812,Hendry,11,0.0,2,3/13/20,39682.0,0.0,0.0,No
881,Hendry,12,0.0,2,3/14/20,39682.0,0.0,0.0,No
950,Hendry,13,0.0,2,3/15/20,39682.0,0.0,0.0,No
1019,Hendry,14,0.0,3,3/16/20,39682.0,0.0,0.0,No
1088,Hendry,15,0.0,3,3/17/20,39682.0,0.0,0.0,No
1157,Hendry,16,0.0,3,3/18/20,39682.0,0.0,0.0,No
1226,Hendry,17,0.0,3,3/19/20,39682.0,0.0,0.0,No
1295,Hendry,18,0.0,3,3/20/20,39682.0,0.0,0.0,No
1364,Hendry,19,0.0,3,3/21/20,39682.0,0.0,0.0,No
1433,Hendry,20,0.0,3,3/22/20,39682.0,0.0,0.0,No
1502,Hendry,21,0.0,4,3/23/20,39682.0,0.0,0.0,No
1571,Hendry,22,0.0,4,3/24/20,39682.0,0.0,0.0,No
17,Hernando,0,0.0,1,3/2/20,185421.0,0.0,0.0,No
86,Hernando,1,0.0,1,3/3/20,185421.0,0.0,0.0,No
155,Hernando,2,0.0,1,3/4/20,185421.0,0.0,0.0,No
224,Hernando,3,0.0,1,3/5/20,185421.0,0.0,0.0,No
293,Hernando,4,0.0,1,3/6/20,185421.0,0.0,0.0,No
362,Hernando,5,0.0,1,3/7/20,185421.0,0.0,0.0,No
431,Hernando,6,0.0,1,3/8/20,185421.0,0.0,0.0,No
500,Hernando,7,0.0,2,3/9/20,185421.0,0.0,0.0,No
569,Hernando,8,0.0,2,3/10/20,185421.0,0.0,0.0,No
638,Hernando,9,0.0,2,3/11/20,185421.0,0.0,0.0,No
707,Hernando,10,0.0,2,3/12/20,185421.0,0.0,0.0,No
776,Hernando,11,0.0,2,3/13/20,185421.0,0.0,0.0,No
845,Hernando,12,0.0,2,3/14/20,185421.0,0.0,0.0,No
914,Hernando,13,0.0,2,3/15/20,185421.0,0.0,0.0,No
983,Hernando,14,0.0,3,3/16/20,185421.0,0.0,0.0,No
1052,Hernando,15,0.0,3,3/17/20,185421.0,0.0,0.0,No
1121,Hernando,16,0.0,3,3/18/20,185421.0,0.0,0.0,No
1190,Hernando,17,4.0,3,3/19/20,185421.0,2.157252954088264,4.0,Yes
1259,Hernando,18,0.0,3,3/20/20,185421.0,0.0,-4.0,No
1328,Hernando,19,1.0,3,3/21/20,185421.0,0.539313238522066,1.0,Yes
1397,Hernando,20,0.0,3,3/22/20,185421.0,0.0,-1.0,No
1466,Hernando,21,0.0,4,3/23/20,185421.0,0.0,0.0,No
1535,Hernando,22,0.0,4,3/24/20,185421.0,0.0,0.0,No
18,Highlands,0,0.0,1,3/2/20,103317.0,0.0,0.0,No
87,Highlands,1,0.0,1,3/3/20,103317.0,0.0,0.0,No
156,Highlands,2,0.0,1,3/4/20,103317.0,0.0,0.0,No
225,Highlands,3,0.0,1,3/5/20,103317.0,0.0,0.0,No
294,Highlands,4,0.0,1,3/6/20,103317.0,0.0,0.0,No
363,Highlands,5,0.0,1,3/7/20,103317.0,0.0,0.0,No
432,Highlands,6,0.0,1,3/8/20,103317.0,0.0,0.0,No
501,Highlands,7,0.0,2,3/9/20,103317.0,0.0,0.0,No
570,Highlands,8,0.0,2,3/10/20,103317.0,0.0,0.0,No
639,Highlands,9,0.0,2,3/11/20,103317.0,0.0,0.0,No
708,Highlands,10,0.0,2,3/12/20,103317.0,0.0,0.0,No
777,Highlands,11,0.0,2,3/13/20,103317.0,0.0,0.0,No
846,Highlands,12,0.0,2,3/14/20,103317.0,0.0,0.0,No
915,Highlands,13,0.0,2,3/15/20,103317.0,0.0,0.0,No
984,Highlands,14,0.0,3,3/16/20,103317.0,0.0,0.0,No
1053,Highlands,15,0.0,3,3/17/20,103317.0,0.0,0.0,No
1122,Highlands,16,0.0,3,3/18/20,103317.0,0.0,0.0,No
1191,Highlands,17,0.0,3,3/19/20,103317.0,0.0,0.0,No
1260,Highlands,18,0.0,3,3/20/20,103317.0,0.0,0.0,No
1329,Highlands,19,1.0,3,3/21/20,103317.0,0.9678949253269066,1.0,Yes
1398,Highlands,20,1.0,3,3/22/20,103317.0,0.9678949253269066,0.0,Yes
1467,Highlands,21,1.0,4,3/23/20,103317.0,0.9678949253269066,0.0,Yes
1536,Highlands,22,1.0,4,3/24/20,103317.0,0.9678949253269066,0.0,Yes
19,Hillsborough,0,1.0,1,3/2/20,1419285.0,0.07045801230901474,0.0,No
88,Hillsborough,1,1.0,1,3/3/20,1419285.0,0.07045801230901474,0.0,Yes
157,Hillsborough,2,0.0,1,3/4/20,1419285.0,0.0,-1.0,No
226,Hillsborough,3,0.0,1,3/5/20,1419285.0,0.0,0.0,No
295,Hillsborough,4,0.0,1,3/6/20,1419285.0,0.0,0.0,No
364,Hillsborough,5,0.0,1,3/7/20,1419285.0,0.0,0.0,No
433,Hillsborough,6,0.0,1,3/8/20,1419285.0,0.0,0.0,No
502,Hillsborough,7,0.0,2,3/9/20,1419285.0,0.0,0.0,No
571,Hillsborough,8,0.0,2,3/10/20,1419285.0,0.0,0.0,No
640,Hillsborough,9,0.0,2,3/11/20,1419285.0,0.0,0.0,No
709,Hillsborough,10,0.0,2,3/12/20,1419285.0,0.0,0.0,No
778,Hillsborough,11,1.0,2,3/13/20,1419285.0,0.07045801230901474,1.0,Yes
847,Hillsborough,12,3.0,2,3/14/20,1419285.0,0.21137403692704423,2.0,Yes
916,Hillsborough,13,0.0,2,3/15/20,1419285.0,0.0,-3.0,No
985,Hillsborough,14,0.0,3,3/16/20,1419285.0,0.0,0.0,No
1054,Hillsborough,15,6.0,3,3/17/20,1419285.0,0.42274807385408847,6.0,Yes
1123,Hillsborough,16,2.0,3,3/18/20,1419285.0,0.1409160246180295,-4.0,No
1192,Hillsborough,17,5.0,3,3/19/20,1419285.0,0.35229006154507375,3.0,Yes
1261,Hillsborough,18,14.0,3,3/20/20,1419285.0,0.9864121723262066,9.0,Yes
1330,Hillsborough,19,17.0,3,3/21/20,1419285.0,1.1977862092532507,3.0,Yes
1399,Hillsborough,20,15.0,3,3/22/20,1419285.0,1.0568701846352213,-2.0,No
1468,Hillsborough,21,19.0,4,3/23/20,1419285.0,1.3387022338712804,4.0,Yes
1537,Hillsborough,22,7.0,4,3/24/20,1419285.0,0.4932060861631033,-12.0,No
54,Holmes,0,0.0,1,3/2/20,20404.0,0.0,0.0,No
123,Holmes,1,0.0,1,3/3/20,20404.0,0.0,0.0,No
192,Holmes,2,0.0,1,3/4/20,20404.0,0.0,0.0,No
261,Holmes,3,0.0,1,3/5/20,20404.0,0.0,0.0,No
330,Holmes,4,0.0,1,3/6/20,20404.0,0.0,0.0,No
399,Holmes,5,0.0,1,3/7/20,20404.0,0.0,0.0,No
468,Holmes,6,0.0,1,3/8/20,20404.0,0.0,0.0,No
537,Holmes,7,0.0,2,3/9/20,20404.0,0.0,0.0,No
606,Holmes,8,0.0,2,3/10/20,20404.0,0.0,0.0,No
675,Holmes,9,0.0,2,3/11/20,20404.0,0.0,0.0,No
744,Holmes,10,0.0,2,3/12/20,20404.0,0.0,0.0,No
813,Holmes,11,0.0,2,3/13/20,20404.0,0.0,0.0,No
882,Holmes,12,0.0,2,3/14/20,20404.0,0.0,0.0,No
951,Holmes,13,0.0,2,3/15/20,20404.0,0.0,0.0,No
1020,Holmes,14,0.0,3,3/16/20,20404.0,0.0,0.0,No
1089,Holmes,15,0.0,3,3/17/20,20404.0,0.0,0.0,No
1158,Holmes,16,0.0,3,3/18/20,20404.0,0.0,0.0,No
1227,Holmes,17,0.0,3,3/19/20,20404.0,0.0,0.0,No
1296,Holmes,18,0.0,3,3/20/20,20404.0,0.0,0.0,No
1365,Holmes,19,0.0,3,3/21/20,20404.0,0.0,0.0,No
1434,Holmes,20,0.0,3,3/22/20,20404.0,0.0,0.0,No
1503,Holmes,21,0.0,4,3/23/20,20404.0,0.0,0.0,No
1572,Holmes,22,0.0,4,3/24/20,20404.0,0.0,0.0,No
20,Indian River,0,0.0,1,3/2/20,152079.0,0.0,0.0,No
89,Indian River,1,0.0,1,3/3/20,152079.0,0.0,0.0,No
158,Indian River,2,0.0,1,3/4/20,152079.0,0.0,0.0,No
227,Indian River,3,0.0,1,3/5/20,152079.0,0.0,0.0,No
296,Indian River,4,0.0,1,3/6/20,152079.0,0.0,0.0,No
365,Indian River,5,0.0,1,3/7/20,152079.0,0.0,0.0,No
434,Indian River,6,0.0,1,3/8/20,152079.0,0.0,0.0,No
503,Indian River,7,0.0,2,3/9/20,152079.0,0.0,0.0,No
572,Indian River,8,0.0,2,3/10/20,152079.0,0.0,0.0,No
641,Indian River,9,0.0,2,3/11/20,152079.0,0.0,0.0,No
710,Indian River,10,0.0,2,3/12/20,152079.0,0.0,0.0,No
779,Indian River,11,0.0,2,3/13/20,152079.0,0.0,0.0,No
848,Indian River,12,0.0,2,3/14/20,152079.0,0.0,0.0,No
917,Indian River,13,0.0,2,3/15/20,152079.0,0.0,0.0,No
986,Indian River,14,0.0,3,3/16/20,152079.0,0.0,0.0,No
1055,Indian River,15,0.0,3,3/17/20,152079.0,0.0,0.0,No
1124,Indian River,16,0.0,3,3/18/20,152079.0,0.0,0.0,No
1193,Indian River,17,1.0,3,3/19/20,152079.0,0.6575529823315514,1.0,Yes
1262,Indian River,18,2.0,3,3/20/20,152079.0,1.3151059646631027,1.0,Yes
1331,Indian River,19,3.0,3,3/21/20,152079.0,1.9726589469946543,1.0,Yes
1400,Indian River,20,2.0,3,3/22/20,152079.0,1.3151059646631027,-1.0,No
1469,Indian River,21,2.0,4,3/23/20,152079.0,1.3151059646631027,0.0,Yes
1538,Indian River,22,1.0,4,3/24/20,152079.0,0.6575529823315514,-1.0,No
21,Jackson,0,0.0,1,3/2/20,50689.0,0.0,0.0,No
90,Jackson,1,0.0,1,3/3/20,50689.0,0.0,0.0,No
159,Jackson,2,0.0,1,3/4/20,50689.0,0.0,0.0,No
228,Jackson,3,0.0,1,3/5/20,50689.0,0.0,0.0,No
297,Jackson,4,0.0,1,3/6/20,50689.0,0.0,0.0,No
366,Jackson,5,0.0,1,3/7/20,50689.0,0.0,0.0,No
435,Jackson,6,0.0,1,3/8/20,50689.0,0.0,0.0,No
504,Jackson,7,0.0,2,3/9/20,50689.0,0.0,0.0,No
573,Jackson,8,0.0,2,3/10/20,50689.0,0.0,0.0,No
642,Jackson,9,0.0,2,3/11/20,50689.0,0.0,0.0,No
711,Jackson,10,0.0,2,3/12/20,50689.0,0.0,0.0,No
780,Jackson,11,0.0,2,3/13/20,50689.0,0.0,0.0,No
849,Jackson,12,0.0,2,3/14/20,50689.0,0.0,0.0,No
918,Jackson,13,0.0,2,3/15/20,50689.0,0.0,0.0,No
987,Jackson,14,0.0,3,3/16/20,50689.0,0.0,0.0,No
1056,Jackson,15,0.0,3,3/17/20,50689.0,0.0,0.0,No
1125,Jackson,16,0.0,3,3/18/20,50689.0,0.0,0.0,No
1194,Jackson,17,1.0,3,3/19/20,50689.0,1.972814614610665,1.0,Yes
1263,Jackson,18,0.0,3,3/20/20,50689.0,0.0,-1.0,No
1332,Jackson,19,0.0,3,3/21/20,50689.0,0.0,0.0,No
1401,Jackson,20,0.0,3,3/22/20,50689.0,0.0,0.0,No
1470,Jackson,21,0.0,4,3/23/20,50689.0,0.0,0.0,No
1539,Jackson,22,0.0,4,3/24/20,50689.0,0.0,0.0,No
55,Jefferson,0,0.0,1,3/2/20,14725.0,0.0,0.0,No
124,Jefferson,1,0.0,1,3/3/20,14725.0,0.0,0.0,No
193,Jefferson,2,0.0,1,3/4/20,14725.0,0.0,0.0,No
262,Jefferson,3,0.0,1,3/5/20,14725.0,0.0,0.0,No
331,Jefferson,4,0.0,1,3/6/20,14725.0,0.0,0.0,No
400,Jefferson,5,0.0,1,3/7/20,14725.0,0.0,0.0,No
469,Jefferson,6,0.0,1,3/8/20,14725.0,0.0,0.0,No
538,Jefferson,7,0.0,2,3/9/20,14725.0,0.0,0.0,No
607,Jefferson,8,0.0,2,3/10/20,14725.0,0.0,0.0,No
676,Jefferson,9,0.0,2,3/11/20,14725.0,0.0,0.0,No
745,Jefferson,10,0.0,2,3/12/20,14725.0,0.0,0.0,No
814,Jefferson,11,0.0,2,3/13/20,14725.0,0.0,0.0,No
883,Jefferson,12,0.0,2,3/14/20,14725.0,0.0,0.0,No
952,Jefferson,13,0.0,2,3/15/20,14725.0,0.0,0.0,No
1021,Jefferson,14,0.0,3,3/16/20,14725.0,0.0,0.0,No
1090,Jefferson,15,0.0,3,3/17/20,14725.0,0.0,0.0,No
1159,Jefferson,16,0.0,3,3/18/20,14725.0,0.0,0.0,No
1228,Jefferson,17,0.0,3,3/19/20,14725.0,0.0,0.0,No
1297,Jefferson,18,0.0,3,3/20/20,14725.0,0.0,0.0,No
1366,Jefferson,19,0.0,3,3/21/20,14725.0,0.0,0.0,No
1435,Jefferson,20,0.0,3,3/22/20,14725.0,0.0,0.0,No
1504,Jefferson,21,0.0,4,3/23/20,14725.0,0.0,0.0,No
1573,Jefferson,22,0.0,4,3/24/20,14725.0,0.0,0.0,No
56,Lafayette,0,0.0,1,3/2/20,8367.0,0.0,0.0,No
125,Lafayette,1,0.0,1,3/3/20,8367.0,0.0,0.0,No
194,Lafayette,2,0.0,1,3/4/20,8367.0,0.0,0.0,No
263,Lafayette,3,0.0,1,3/5/20,8367.0,0.0,0.0,No
332,Lafayette,4,0.0,1,3/6/20,8367.0,0.0,0.0,No
401,Lafayette,5,0.0,1,3/7/20,8367.0,0.0,0.0,No
470,Lafayette,6,0.0,1,3/8/20,8367.0,0.0,0.0,No
539,Lafayette,7,0.0,2,3/9/20,8367.0,0.0,0.0,No
608,Lafayette,8,0.0,2,3/10/20,8367.0,0.0,0.0,No
677,Lafayette,9,0.0,2,3/11/20,8367.0,0.0,0.0,No
746,Lafayette,10,0.0,2,3/12/20,8367.0,0.0,0.0,No
815,Lafayette,11,0.0,2,3/13/20,8367.0,0.0,0.0,No
884,Lafayette,12,0.0,2,3/14/20,8367.0,0.0,0.0,No
953,Lafayette,13,0.0,2,3/15/20,8367.0,0.0,0.0,No
1022,Lafayette,14,0.0,3,3/16/20,8367.0,0.0,0.0,No
1091,Lafayette,15,0.0,3,3/17/20,8367.0,0.0,0.0,No
1160,Lafayette,16,0.0,3,3/18/20,8367.0,0.0,0.0,No
1229,Lafayette,17,0.0,3,3/19/20,8367.0,0.0,0.0,No
1298,Lafayette,18,0.0,3,3/20/20,8367.0,0.0,0.0,No
1367,Lafayette,19,0.0,3,3/21/20,8367.0,0.0,0.0,No
1436,Lafayette,20,0.0,3,3/22/20,8367.0,0.0,0.0,No
1505,Lafayette,21,0.0,4,3/23/20,8367.0,0.0,0.0,No
1574,Lafayette,22,0.0,4,3/24/20,8367.0,0.0,0.0,No
22,Lake,0,0.0,1,3/2/20,342356.0,0.0,0.0,No
91,Lake,1,0.0,1,3/3/20,342356.0,0.0,0.0,No
160,Lake,2,0.0,1,3/4/20,342356.0,0.0,0.0,No
229,Lake,3,0.0,1,3/5/20,342356.0,0.0,0.0,No
298,Lake,4,0.0,1,3/6/20,342356.0,0.0,0.0,No
367,Lake,5,0.0,1,3/7/20,342356.0,0.0,0.0,No
436,Lake,6,0.0,1,3/8/20,342356.0,0.0,0.0,No
505,Lake,7,0.0,2,3/9/20,342356.0,0.0,0.0,No
574,Lake,8,0.0,2,3/10/20,342356.0,0.0,0.0,No
643,Lake,9,0.0,2,3/11/20,342356.0,0.0,0.0,No
712,Lake,10,0.0,2,3/12/20,342356.0,0.0,0.0,No
781,Lake,11,1.0,2,3/13/20,342356.0,0.29209361016018415,1.0,Yes
850,Lake,12,0.0,2,3/14/20,342356.0,0.0,-1.0,No
919,Lake,13,0.0,2,3/15/20,342356.0,0.0,0.0,No
988,Lake,14,0.0,3,3/16/20,342356.0,0.0,0.0,No
1057,Lake,15,1.0,3,3/17/20,342356.0,0.29209361016018415,1.0,Yes
1126,Lake,16,0.0,3,3/18/20,342356.0,0.0,-1.0,No
1195,Lake,17,1.0,3,3/19/20,342356.0,0.29209361016018415,1.0,Yes
1264,Lake,18,0.0,3,3/20/20,342356.0,0.0,-1.0,No
1333,Lake,19,2.0,3,3/21/20,342356.0,0.5841872203203683,2.0,Yes
1402,Lake,20,3.0,3,3/22/20,342356.0,0.8762808304805525,1.0,Yes
1471,Lake,21,6.0,4,3/23/20,342356.0,1.752561660961105,3.0,Yes
1540,Lake,22,0.0,4,3/24/20,342356.0,0.0,-6.0,No
23,Lee,0,0.0,1,3/2/20,721053.0,0.0,0.0,No
92,Lee,1,0.0,1,3/3/20,721053.0,0.0,0.0,No
161,Lee,2,0.0,1,3/4/20,721053.0,0.0,0.0,No
230,Lee,3,0.0,1,3/5/20,721053.0,0.0,0.0,No
299,Lee,4,0.0,1,3/6/20,721053.0,0.0,0.0,No
368,Lee,5,2.0,1,3/7/20,721053.0,0.27737212105074105,2.0,Yes
437,Lee,6,0.0,1,3/8/20,721053.0,0.0,-2.0,No
506,Lee,7,0.0,2,3/9/20,721053.0,0.0,0.0,No
575,Lee,8,0.0,2,3/10/20,721053.0,0.0,0.0,No
644,Lee,9,0.0,2,3/11/20,721053.0,0.0,0.0,No
713,Lee,10,1.0,2,3/12/20,721053.0,0.13868606052537052,1.0,Yes
782,Lee,11,1.0,2,3/13/20,721053.0,0.13868606052537052,0.0,Yes
851,Lee,12,1.0,2,3/14/20,721053.0,0.13868606052537052,0.0,Yes
920,Lee,13,1.0,2,3/15/20,721053.0,0.13868606052537052,0.0,Yes
989,Lee,14,1.0,3,3/16/20,721053.0,0.13868606052537052,0.0,Yes
1058,Lee,15,2.0,3,3/17/20,721053.0,0.27737212105074105,1.0,Yes
1127,Lee,16,2.0,3,3/18/20,721053.0,0.27737212105074105,0.0,Yes
1196,Lee,17,2.0,3,3/19/20,721053.0,0.27737212105074105,0.0,Yes
1265,Lee,18,1.0,3,3/20/20,721053.0,0.13868606052537052,-1.0,No
1334,Lee,19,4.0,3,3/21/20,721053.0,0.5547442421014821,3.0,Yes
1403,Lee,20,10.0,3,3/22/20,721053.0,1.3868606052537054,6.0,Yes
1472,Lee,21,3.0,4,3/23/20,721053.0,0.41605818157611163,-7.0,No
1541,Lee,22,1.0,4,3/24/20,721053.0,0.13868606052537052,-2.0,No
24,Leon,0,0.0,1,3/2/20,290223.0,0.0,0.0,No
93,Leon,1,0.0,1,3/3/20,290223.0,0.0,0.0,No
162,Leon,2,1.0,1,3/4/20,290223.0,0.3445626294263377,1.0,Yes
231,Leon,3,0.0,1,3/5/20,290223.0,0.0,-1.0,No
300,Leon,4,0.0,1,3/6/20,290223.0,0.0,0.0,No
369,Leon,5,0.0,1,3/7/20,290223.0,0.0,0.0,No
438,Leon,6,0.0,1,3/8/20,290223.0,0.0,0.0,No
507,Leon,7,0.0,2,3/9/20,290223.0,0.0,0.0,No
576,Leon,8,0.0,2,3/10/20,290223.0,0.0,0.0,No
645,Leon,9,0.0,2,3/11/20,290223.0,0.0,0.0,No
714,Leon,10,0.0,2,3/12/20,290223.0,0.0,0.0,No
783,Leon,11,0.0,2,3/13/20,290223.0,0.0,0.0,No
852,Leon,12,0.0,2,3/14/20,290223.0,0.0,0.0,No
921,Leon,13,0.0,2,3/15/20,290223.0,0.0,0.0,No
990,Leon,14,0.0,3,3/16/20,290223.0,0.0,0.0,No
1059,Leon,15,0.0,3,3/17/20,290223.0,0.0,0.0,No
1128,Leon,16,3.0,3,3/18/20,290223.0,1.033687888279013,3.0,Yes
1197,Leon,17,0.0,3,3/19/20,290223.0,0.0,-3.0,No
1266,Leon,18,0.0,3,3/20/20,290223.0,0.0,0.0,No
1335,Leon,19,1.0,3,3/21/20,290223.0,0.3445626294263377,1.0,Yes
1404,Leon,20,1.0,3,3/22/20,290223.0,0.3445626294263377,0.0,Yes
1473,Leon,21,0.0,4,3/23/20,290223.0,0.0,-1.0,No
1542,Leon,22,2.0,4,3/24/20,290223.0,0.6891252588526754,2.0,Yes
57,Levy,0,0.0,1,3/2/20,41550.0,0.0,0.0,No
126,Levy,1,0.0,1,3/3/20,41550.0,0.0,0.0,No
195,Levy,2,0.0,1,3/4/20,41550.0,0.0,0.0,No
264,Levy,3,0.0,1,3/5/20,41550.0,0.0,0.0,No
333,Levy,4,0.0,1,3/6/20,41550.0,0.0,0.0,No
402,Levy,5,0.0,1,3/7/20,41550.0,0.0,0.0,No
471,Levy,6,0.0,1,3/8/20,41550.0,0.0,0.0,No
540,Levy,7,0.0,2,3/9/20,41550.0,0.0,0.0,No
609,Levy,8,0.0,2,3/10/20,41550.0,0.0,0.0,No
678,Levy,9,0.0,2,3/11/20,41550.0,0.0,0.0,No
747,Levy,10,0.0,2,3/12/20,41550.0,0.0,0.0,No
816,Levy,11,0.0,2,3/13/20,41550.0,0.0,0.0,No
885,Levy,12,0.0,2,3/14/20,41550.0,0.0,0.0,No
954,Levy,13,0.0,2,3/15/20,41550.0,0.0,0.0,No
1023,Levy,14,0.0,3,3/16/20,41550.0,0.0,0.0,No
1092,Levy,15,0.0,3,3/17/20,41550.0,0.0,0.0,No
1161,Levy,16,0.0,3,3/18/20,41550.0,0.0,0.0,No
1230,Levy,17,0.0,3,3/19/20,41550.0,0.0,0.0,No
1299,Levy,18,0.0,3,3/20/20,41550.0,0.0,0.0,No
1368,Levy,19,0.0,3,3/21/20,41550.0,0.0,0.0,No
1437,Levy,20,0.0,3,3/22/20,41550.0,0.0,0.0,No
1506,Levy,21,0.0,4,3/23/20,41550.0,0.0,0.0,No
1575,Levy,22,0.0,4,3/24/20,41550.0,0.0,0.0,No
58,Liberty,0,0.0,1,3/2/20,8781.0,0.0,0.0,No
127,Liberty,1,0.0,1,3/3/20,8781.0,0.0,0.0,No
196,Liberty,2,0.0,1,3/4/20,8781.0,0.0,0.0,No
265,Liberty,3,0.0,1,3/5/20,8781.0,0.0,0.0,No
334,Liberty,4,0.0,1,3/6/20,8781.0,0.0,0.0,No
403,Liberty,5,0.0,1,3/7/20,8781.0,0.0,0.0,No
472,Liberty,6,0.0,1,3/8/20,8781.0,0.0,0.0,No
541,Liberty,7,0.0,2,3/9/20,8781.0,0.0,0.0,No
610,Liberty,8,0.0,2,3/10/20,8781.0,0.0,0.0,No
679,Liberty,9,0.0,2,3/11/20,8781.0,0.0,0.0,No
748,Liberty,10,0.0,2,3/12/20,8781.0,0.0,0.0,No
817,Liberty,11,0.0,2,3/13/20,8781.0,0.0,0.0,No
886,Liberty,12,0.0,2,3/14/20,8781.0,0.0,0.0,No
955,Liberty,13,0.0,2,3/15/20,8781.0,0.0,0.0,No
1024,Liberty,14,0.0,3,3/16/20,8781.0,0.0,0.0,No
1093,Liberty,15,0.0,3,3/17/20,8781.0,0.0,0.0,No
1162,Liberty,16,0.0,3,3/18/20,8781.0,0.0,0.0,No
1231,Liberty,17,0.0,3,3/19/20,8781.0,0.0,0.0,No
1300,Liberty,18,0.0,3,3/20/20,8781.0,0.0,0.0,No
1369,Liberty,19,0.0,3,3/21/20,8781.0,0.0,0.0,No
1438,Liberty,20,0.0,3,3/22/20,8781.0,0.0,0.0,No
1507,Liberty,21,0.0,4,3/23/20,8781.0,0.0,0.0,No
1576,Liberty,22,0.0,4,3/24/20,8781.0,0.0,0.0,No
59,Madison,0,0.0,1,3/2/20,19420.0,0.0,0.0,No
128,Madison,1,0.0,1,3/3/20,19420.0,0.0,0.0,No
197,Madison,2,0.0,1,3/4/20,19420.0,0.0,0.0,No
266,Madison,3,0.0,1,3/5/20,19420.0,0.0,0.0,No
335,Madison,4,0.0,1,3/6/20,19420.0,0.0,0.0,No
404,Madison,5,0.0,1,3/7/20,19420.0,0.0,0.0,No
473,Madison,6,0.0,1,3/8/20,19420.0,0.0,0.0,No
542,Madison,7,0.0,2,3/9/20,19420.0,0.0,0.0,No
611,Madison,8,0.0,2,3/10/20,19420.0,0.0,0.0,No
680,Madison,9,0.0,2,3/11/20,19420.0,0.0,0.0,No
749,Madison,10,0.0,2,3/12/20,19420.0,0.0,0.0,No
818,Madison,11,0.0,2,3/13/20,19420.0,0.0,0.0,No
887,Madison,12,0.0,2,3/14/20,19420.0,0.0,0.0,No
956,Madison,13,0.0,2,3/15/20,19420.0,0.0,0.0,No
1025,Madison,14,0.0,3,3/16/20,19420.0,0.0,0.0,No
1094,Madison,15,0.0,3,3/17/20,19420.0,0.0,0.0,No
1163,Madison,16,0.0,3,3/18/20,19420.0,0.0,0.0,No
1232,Madison,17,0.0,3,3/19/20,19420.0,0.0,0.0,No
1301,Madison,18,0.0,3,3/20/20,19420.0,0.0,0.0,No
1370,Madison,19,0.0,3,3/21/20,19420.0,0.0,0.0,No
1439,Madison,20,0.0,3,3/22/20,19420.0,0.0,0.0,No
1508,Madison,21,0.0,4,3/23/20,19420.0,0.0,0.0,No
1577,Madison,22,0.0,4,3/24/20,19420.0,0.0,0.0,No
25,Manatee,0,1.0,1,3/2/20,381071.0,0.2624182895051053,0.0,No
94,Manatee,1,0.0,1,3/3/20,381071.0,0.0,-1.0,No
163,Manatee,2,0.0,1,3/4/20,381071.0,0.0,0.0,No
232,Manatee,3,0.0,1,3/5/20,381071.0,0.0,0.0,No
301,Manatee,4,0.0,1,3/6/20,381071.0,0.0,0.0,No
370,Manatee,5,0.0,1,3/7/20,381071.0,0.0,0.0,No
439,Manatee,6,0.0,1,3/8/20,381071.0,0.0,0.0,No
508,Manatee,7,1.0,2,3/9/20,381071.0,0.2624182895051053,1.0,Yes
577,Manatee,8,0.0,2,3/10/20,381071.0,0.0,-1.0,No
646,Manatee,9,0.0,2,3/11/20,381071.0,0.0,0.0,No
715,Manatee,10,0.0,2,3/12/20,381071.0,0.0,0.0,No
784,Manatee,11,0.0,2,3/13/20,381071.0,0.0,0.0,No
853,Manatee,12,2.0,2,3/14/20,381071.0,0.5248365790102106,2.0,Yes
922,Manatee,13,0.0,2,3/15/20,381071.0,0.0,-2.0,No
991,Manatee,14,1.0,3,3/16/20,381071.0,0.2624182895051053,1.0,Yes
1060,Manatee,15,2.0,3,3/17/20,381071.0,0.5248365790102106,1.0,Yes
1129,Manatee,16,1.0,3,3/18/20,381071.0,0.2624182895051053,-1.0,No
1198,Manatee,17,1.0,3,3/19/20,381071.0,0.2624182895051053,0.0,Yes
1267,Manatee,18,1.0,3,3/20/20,381071.0,0.2624182895051053,0.0,Yes
1336,Manatee,19,3.0,3,3/21/20,381071.0,0.7872548685153161,2.0,Yes
1405,Manatee,20,1.0,3,3/22/20,381071.0,0.2624182895051053,-2.0,No
1474,Manatee,21,2.0,4,3/23/20,381071.0,0.5248365790102106,1.0,Yes
1543,Manatee,22,0.0,4,3/24/20,381071.0,0.0,-2.0,No
26,Marion,0,0.0,1,3/2/20,355325.0,0.0,0.0,No
95,Marion,1,0.0,1,3/3/20,355325.0,0.0,0.0,No
164,Marion,2,0.0,1,3/4/20,355325.0,0.0,0.0,No
233,Marion,3,0.0,1,3/5/20,355325.0,0.0,0.0,No
302,Marion,4,0.0,1,3/6/20,355325.0,0.0,0.0,No
371,Marion,5,0.0,1,3/7/20,355325.0,0.0,0.0,No
440,Marion,6,0.0,1,3/8/20,355325.0,0.0,0.0,No
509,Marion,7,0.0,2,3/9/20,355325.0,0.0,0.0,No
578,Marion,8,0.0,2,3/10/20,355325.0,0.0,0.0,No
647,Marion,9,0.0,2,3/11/20,355325.0,0.0,0.0,No
716,Marion,10,0.0,2,3/12/20,355325.0,0.0,0.0,No
785,Marion,11,0.0,2,3/13/20,355325.0,0.0,0.0,No
854,Marion,12,0.0,2,3/14/20,355325.0,0.0,0.0,No
923,Marion,13,0.0,2,3/15/20,355325.0,0.0,0.0,No
992,Marion,14,0.0,3,3/16/20,355325.0,0.0,0.0,No
1061,Marion,15,0.0,3,3/17/20,355325.0,0.0,0.0,No
1130,Marion,16,0.0,3,3/18/20,355325.0,0.0,0.0,No
1199,Marion,17,0.0,3,3/19/20,355325.0,0.0,0.0,No
1268,Marion,18,0.0,3,3/20/20,355325.0,0.0,0.0,No
1337,Marion,19,2.0,3,3/21/20,355325.0,0.5628649827622599,2.0,Yes
1406,Marion,20,1.0,3,3/22/20,355325.0,0.28143249138112997,-1.0,No
1475,Marion,21,1.0,4,3/23/20,355325.0,0.28143249138112997,0.0,Yes
1544,Marion,22,0.0,4,3/24/20,355325.0,0.0,-1.0,No
27,Martin,0,0.0,1,3/2/20,155705.0,0.0,0.0,No
96,Martin,1,0.0,1,3/3/20,155705.0,0.0,0.0,No
165,Martin,2,0.0,1,3/4/20,155705.0,0.0,0.0,No
234,Martin,3,0.0,1,3/5/20,155705.0,0.0,0.0,No
303,Martin,4,0.0,1,3/6/20,155705.0,0.0,0.0,No
372,Martin,5,0.0,1,3/7/20,155705.0,0.0,0.0,No
441,Martin,6,0.0,1,3/8/20,155705.0,0.0,0.0,No
510,Martin,7,0.0,2,3/9/20,155705.0,0.0,0.0,No
579,Martin,8,0.0,2,3/10/20,155705.0,0.0,0.0,No
648,Martin,9,0.0,2,3/11/20,155705.0,0.0,0.0,No
717,Martin,10,0.0,2,3/12/20,155705.0,0.0,0.0,No
786,Martin,11,0.0,2,3/13/20,155705.0,0.0,0.0,No
855,Martin,12,0.0,2,3/14/20,155705.0,0.0,0.0,No
924,Martin,13,0.0,2,3/15/20,155705.0,0.0,0.0,No
993,Martin,14,0.0,3,3/16/20,155705.0,0.0,0.0,No
1062,Martin,15,0.0,3,3/17/20,155705.0,0.0,0.0,No
1131,Martin,16,0.0,3,3/18/20,155705.0,0.0,0.0,No
1200,Martin,17,1.0,3,3/19/20,155705.0,0.6422401335859478,1.0,Yes
1269,Martin,18,0.0,3,3/20/20,155705.0,0.0,-1.0,No
1338,Martin,19,0.0,3,3/21/20,155705.0,0.0,0.0,No
1407,Martin,20,1.0,3,3/22/20,155705.0,0.6422401335859478,1.0,Yes
1476,Martin,21,2.0,4,3/23/20,155705.0,1.2844802671718956,1.0,Yes
1545,Martin,22,0.0,4,3/24/20,155705.0,0.0,-2.0,No
28,Monroe,0,0.0,1,3/2/20,76534.0,0.0,0.0,No
97,Monroe,1,0.0,1,3/3/20,76534.0,0.0,0.0,No
166,Monroe,2,0.0,1,3/4/20,76534.0,0.0,0.0,No
235,Monroe,3,0.0,1,3/5/20,76534.0,0.0,0.0,No
304,Monroe,4,0.0,1,3/6/20,76534.0,0.0,0.0,No
373,Monroe,5,0.0,1,3/7/20,76534.0,0.0,0.0,No
442,Monroe,6,0.0,1,3/8/20,76534.0,0.0,0.0,No
511,Monroe,7,0.0,2,3/9/20,76534.0,0.0,0.0,No
580,Monroe,8,0.0,2,3/10/20,76534.0,0.0,0.0,No
649,Monroe,9,0.0,2,3/11/20,76534.0,0.0,0.0,No
718,Monroe,10,0.0,2,3/12/20,76534.0,0.0,0.0,No
787,Monroe,11,0.0,2,3/13/20,76534.0,0.0,0.0,No
856,Monroe,12,0.0,2,3/14/20,76534.0,0.0,0.0,No
925,Monroe,13,0.0,2,3/15/20,76534.0,0.0,0.0,No
994,Monroe,14,0.0,3,3/16/20,76534.0,0.0,0.0,No
1063,Monroe,15,0.0,3,3/17/20,76534.0,0.0,0.0,No
1132,Monroe,16,0.0,3,3/18/20,76534.0,0.0,0.0,No
1201,Monroe,17,0.0,3,3/19/20,76534.0,0.0,0.0,No
1270,Monroe,18,1.0,3,3/20/20,76534.0,1.3066088274492382,1.0,Yes
1339,Monroe,19,0.0,3,3/21/20,76534.0,0.0,-1.0,No
1408,Monroe,20,1.0,3,3/22/20,76534.0,1.3066088274492382,1.0,Yes
1477,Monroe,21,1.0,4,3/23/20,76534.0,1.3066088274492382,0.0,Yes
1546,Monroe,22,0.0,4,3/24/20,76534.0,0.0,-1.0,No
29,Nassau,0,0.0,1,3/2/20,83125.0,0.0,0.0,No
98,Nassau,1,0.0,1,3/3/20,83125.0,0.0,0.0,No
167,Nassau,2,0.0,1,3/4/20,83125.0,0.0,0.0,No
236,Nassau,3,0.0,1,3/5/20,83125.0,0.0,0.0,No
305,Nassau,4,0.0,1,3/6/20,83125.0,0.0,0.0,No
374,Nassau,5,0.0,1,3/7/20,83125.0,0.0,0.0,No
443,Nassau,6,0.0,1,3/8/20,83125.0,0.0,0.0,No
512,Nassau,7,0.0,2,3/9/20,83125.0,0.0,0.0,No
581,Nassau,8,1.0,2,3/10/20,83125.0,1.2030075187969924,1.0,Yes
650,Nassau,9,0.0,2,3/11/20,83125.0,0.0,-1.0,No
719,Nassau,10,0.0,2,3/12/20,83125.0,0.0,0.0,No
788,Nassau,11,0.0,2,3/13/20,83125.0,0.0,0.0,No
857,Nassau,12,0.0,2,3/14/20,83125.0,0.0,0.0,No
926,Nassau,13,0.0,2,3/15/20,83125.0,0.0,0.0,No
995,Nassau,14,0.0,3,3/16/20,83125.0,0.0,0.0,No
1064,Nassau,15,0.0,3,3/17/20,83125.0,0.0,0.0,No
1133,Nassau,16,0.0,3,3/18/20,83125.0,0.0,0.0,No
1202,Nassau,17,0.0,3,3/19/20,83125.0,0.0,0.0,No
1271,Nassau,18,0.0,3,3/20/20,83125.0,0.0,0.0,No
1340,Nassau,19,0.0,3,3/21/20,83125.0,0.0,0.0,No
1409,Nassau,20,0.0,3,3/22/20,83125.0,0.0,0.0,No
1478,Nassau,21,0.0,4,3/23/20,83125.0,0.0,0.0,No
1547,Nassau,22,0.0,4,3/24/20,83125.0,0.0,0.0,No
30,Okaloosa,0,0.0,1,3/2/20,198409.0,0.0,0.0,No
99,Okaloosa,1,0.0,1,3/3/20,198409.0,0.0,0.0,No
168,Okaloosa,2,1.0,1,3/4/20,198409.0,0.5040093947351179,1.0,Yes
237,Okaloosa,3,0.0,1,3/5/20,198409.0,0.0,-1.0,No
306,Okaloosa,4,0.0,1,3/6/20,198409.0,0.0,0.0,No
375,Okaloosa,5,0.0,1,3/7/20,198409.0,0.0,0.0,No
444,Okaloosa,6,0.0,1,3/8/20,198409.0,0.0,0.0,No
513,Okaloosa,7,1.0,2,3/9/20,198409.0,0.5040093947351179,1.0,Yes
582,Okaloosa,8,0.0,2,3/10/20,198409.0,0.0,-1.0,No
651,Okaloosa,9,0.0,2,3/11/20,198409.0,0.0,0.0,No
720,Okaloosa,10,0.0,2,3/12/20,198409.0,0.0,0.0,No
789,Okaloosa,11,0.0,2,3/13/20,198409.0,0.0,0.0,No
858,Okaloosa,12,0.0,2,3/14/20,198409.0,0.0,0.0,No
927,Okaloosa,13,0.0,2,3/15/20,198409.0,0.0,0.0,No
996,Okaloosa,14,0.0,3,3/16/20,198409.0,0.0,0.0,No
1065,Okaloosa,15,1.0,3,3/17/20,198409.0,0.5040093947351179,1.0,Yes
1134,Okaloosa,16,1.0,3,3/18/20,198409.0,0.5040093947351179,0.0,Yes
1203,Okaloosa,17,1.0,3,3/19/20,198409.0,0.5040093947351179,0.0,Yes
1272,Okaloosa,18,4.0,3,3/20/20,198409.0,2.0160375789404714,3.0,Yes
1341,Okaloosa,19,3.0,3,3/21/20,198409.0,1.5120281842053536,-1.0,No
1410,Okaloosa,20,2.0,3,3/22/20,198409.0,1.0080187894702357,-1.0,No
1479,Okaloosa,21,0.0,4,3/23/20,198409.0,0.0,-2.0,No
1548,Okaloosa,22,0.0,4,3/24/20,198409.0,0.0,0.0,No
60,Okeechobee,0,0.0,1,3/2/20,41492.0,0.0,0.0,No
129,Okeechobee,1,0.0,1,3/3/20,41492.0,0.0,0.0,No
198,Okeechobee,2,0.0,1,3/4/20,41492.0,0.0,0.0,No
267,Okeechobee,3,0.0,1,3/5/20,41492.0,0.0,0.0,No
336,Okeechobee,4,0.0,1,3/6/20,41492.0,0.0,0.0,No
405,Okeechobee,5,0.0,1,3/7/20,41492.0,0.0,0.0,No
474,Okeechobee,6,0.0,1,3/8/20,41492.0,0.0,0.0,No
543,Okeechobee,7,0.0,2,3/9/20,41492.0,0.0,0.0,No
612,Okeechobee,8,0.0,2,3/10/20,41492.0,0.0,0.0,No
681,Okeechobee,9,0.0,2,3/11/20,41492.0,0.0,0.0,No
750,Okeechobee,10,0.0,2,3/12/20,41492.0,0.0,0.0,No
819,Okeechobee,11,0.0,2,3/13/20,41492.0,0.0,0.0,No
888,Okeechobee,12,0.0,2,3/14/20,41492.0,0.0,0.0,No
957,Okeechobee,13,0.0,2,3/15/20,41492.0,0.0,0.0,No
1026,Okeechobee,14,0.0,3,3/16/20,41492.0,0.0,0.0,No
1095,Okeechobee,15,0.0,3,3/17/20,41492.0,0.0,0.0,No
1164,Okeechobee,16,0.0,3,3/18/20,41492.0,0.0,0.0,No
1233,Okeechobee,17,0.0,3,3/19/20,41492.0,0.0,0.0,No
1302,Okeechobee,18,0.0,3,3/20/20,41492.0,0.0,0.0,No
1371,Okeechobee,19,0.0,3,3/21/20,41492.0,0.0,0.0,No
1440,Okeechobee,20,0.0,3,3/22/20,41492.0,0.0,0.0,No
1509,Okeechobee,21,0.0,4,3/23/20,41492.0,0.0,0.0,No
1578,Okeechobee,22,0.0,4,3/24/20,41492.0,0.0,0.0,No
31,Orange,0,0.0,1,3/2/20,1370447.0,0.0,0.0,No
100,Orange,1,0.0,1,3/3/20,1370447.0,0.0,0.0,No
169,Orange,2,0.0,1,3/4/20,1370447.0,0.0,0.0,No
238,Orange,3,0.0,1,3/5/20,1370447.0,0.0,0.0,No
307,Orange,4,0.0,1,3/6/20,1370447.0,0.0,0.0,No
376,Orange,5,0.0,1,3/7/20,1370447.0,0.0,0.0,No
445,Orange,6,0.0,1,3/8/20,1370447.0,0.0,0.0,No
514,Orange,7,0.0,2,3/9/20,1370447.0,0.0,0.0,No
583,Orange,8,0.0,2,3/10/20,1370447.0,0.0,0.0,No
652,Orange,9,0.0,2,3/11/20,1370447.0,0.0,0.0,No
721,Orange,10,0.0,2,3/12/20,1370447.0,0.0,0.0,No
790,Orange,11,3.0,2,3/13/20,1370447.0,0.21890667789414694,3.0,Yes
859,Orange,12,0.0,2,3/14/20,1370447.0,0.0,-3.0,No
928,Orange,13,1.0,2,3/15/20,1370447.0,0.07296889263138231,1.0,Yes
997,Orange,14,2.0,3,3/16/20,1370447.0,0.14593778526276463,1.0,Yes
1066,Orange,15,2.0,3,3/17/20,1370447.0,0.14593778526276463,0.0,Yes
1135,Orange,16,5.0,3,3/18/20,1370447.0,0.3648444631569116,3.0,Yes
1204,Orange,17,5.0,3,3/19/20,1370447.0,0.3648444631569116,0.0,Yes
1273,Orange,18,5.0,3,3/20/20,1370447.0,0.3648444631569116,0.0,Yes
1342,Orange,19,6.0,3,3/21/20,1370447.0,0.4378133557882939,1.0,Yes
1411,Orange,20,9.0,3,3/22/20,1370447.0,0.6567200336824409,3.0,Yes
1480,Orange,21,12.0,4,3/23/20,1370447.0,0.8756267115765878,3.0,Yes
1549,Orange,22,0.0,4,3/24/20,1370447.0,0.0,-12.0,No
32,Osceola,0,0.0,1,3/2/20,360426.0,0.0,0.0,No
101,Osceola,1,0.0,1,3/3/20,360426.0,0.0,0.0,No
170,Osceola,2,0.0,1,3/4/20,360426.0,0.0,0.0,No
239,Osceola,3,0.0,1,3/5/20,360426.0,0.0,0.0,No
308,Osceola,4,0.0,1,3/6/20,360426.0,0.0,0.0,No
377,Osceola,5,0.0,1,3/7/20,360426.0,0.0,0.0,No
446,Osceola,6,0.0,1,3/8/20,360426.0,0.0,0.0,No
515,Osceola,7,0.0,2,3/9/20,360426.0,0.0,0.0,No
584,Osceola,8,0.0,2,3/10/20,360426.0,0.0,0.0,No
653,Osceola,9,0.0,2,3/11/20,360426.0,0.0,0.0,No
722,Osceola,10,0.0,2,3/12/20,360426.0,0.0,0.0,No
791,Osceola,11,3.0,2,3/13/20,360426.0,0.8323483877411729,3.0,Yes
860,Osceola,12,1.0,2,3/14/20,360426.0,0.277449462580391,-2.0,No
929,Osceola,13,0.0,2,3/15/20,360426.0,0.0,-1.0,No
998,Osceola,14,1.0,3,3/16/20,360426.0,0.277449462580391,1.0,Yes
1067,Osceola,15,3.0,3,3/17/20,360426.0,0.8323483877411729,2.0,Yes
1136,Osceola,16,2.0,3,3/18/20,360426.0,0.554898925160782,-1.0,No
1205,Osceola,17,4.0,3,3/19/20,360426.0,1.109797850321564,2.0,Yes
1274,Osceola,18,0.0,3,3/20/20,360426.0,0.0,-4.0,No
1343,Osceola,19,8.0,3,3/21/20,360426.0,2.219595700643128,8.0,Yes
1412,Osceola,20,2.0,3,3/22/20,360426.0,0.554898925160782,-6.0,No
1481,Osceola,21,2.0,4,3/23/20,360426.0,0.554898925160782,0.0,Yes
1550,Osceola,22,0.0,4,3/24/20,360426.0,0.0,-2.0,No
33,Palm Beach,0,0.0,1,3/2/20,1442281.0,0.0,0.0,No
102,Palm Beach,1,0.0,1,3/3/20,1442281.0,0.0,0.0,No
171,Palm Beach,2,1.0,1,3/4/20,1442281.0,0.0693346164859691,1.0,Yes
240,Palm Beach,3,0.0,1,3/5/20,1442281.0,0.0,-1.0,No
309,Palm Beach,4,0.0,1,3/6/20,1442281.0,0.0,0.0,No
378,Palm Beach,5,0.0,1,3/7/20,1442281.0,0.0,0.0,No
447,Palm Beach,6,0.0,1,3/8/20,1442281.0,0.0,0.0,No
516,Palm Beach,7,0.0,2,3/9/20,1442281.0,0.0,0.0,No
585,Palm Beach,8,0.0,2,3/10/20,1442281.0,0.0,0.0,No
654,Palm Beach,9,0.0,2,3/11/20,1442281.0,0.0,0.0,No
723,Palm Beach,10,0.0,2,3/12/20,1442281.0,0.0,0.0,No
792,Palm Beach,11,2.0,2,3/13/20,1442281.0,0.1386692329719382,2.0,Yes
861,Palm Beach,12,3.0,2,3/14/20,1442281.0,0.20800384945790729,1.0,Yes
930,Palm Beach,13,0.0,2,3/15/20,1442281.0,0.0,-3.0,No
999,Palm Beach,14,4.0,3,3/16/20,1442281.0,0.2773384659438764,4.0,Yes
1068,Palm Beach,15,3.0,3,3/17/20,1442281.0,0.20800384945790729,-1.0,No
1137,Palm Beach,16,10.0,3,3/18/20,1442281.0,0.693346164859691,7.0,Yes
1206,Palm Beach,17,6.0,3,3/19/20,1442281.0,0.41600769891581457,-4.0,No
1275,Palm Beach,18,16.0,3,3/20/20,1442281.0,1.1093538637755056,10.0,Yes
1344,Palm Beach,19,14.0,3,3/21/20,1442281.0,0.9706846308035674,-2.0,No
1413,Palm Beach,20,27.0,3,3/22/20,1442281.0,1.8720346451211656,13.0,Yes
1482,Palm Beach,21,7.0,4,3/23/20,1442281.0,0.4853423154017837,-20.0,No
1551,Palm Beach,22,8.0,4,3/24/20,1442281.0,0.5546769318877528,1.0,Yes
34,Pasco,0,0.0,1,3/2/20,518639.0,0.0,0.0,No
103,Pasco,1,0.0,1,3/3/20,518639.0,0.0,0.0,No
172,Pasco,2,0.0,1,3/4/20,518639.0,0.0,0.0,No
241,Pasco,3,0.0,1,3/5/20,518639.0,0.0,0.0,No
310,Pasco,4,0.0,1,3/6/20,518639.0,0.0,0.0,No
379,Pasco,5,0.0,1,3/7/20,518639.0,0.0,0.0,No
448,Pasco,6,0.0,1,3/8/20,518639.0,0.0,0.0,No
517,Pasco,7,0.0,2,3/9/20,518639.0,0.0,0.0,No
586,Pasco,8,0.0,2,3/10/20,518639.0,0.0,0.0,No
655,Pasco,9,1.0,2,3/11/20,518639.0,0.1928123415323568,1.0,Yes
724,Pasco,10,0.0,2,3/12/20,518639.0,0.0,-1.0,No
793,Pasco,11,0.0,2,3/13/20,518639.0,0.0,0.0,No
862,Pasco,12,1.0,2,3/14/20,518639.0,0.1928123415323568,1.0,Yes
931,Pasco,13,0.0,2,3/15/20,518639.0,0.0,-1.0,No
1000,Pasco,14,0.0,3,3/16/20,518639.0,0.0,0.0,No
1069,Pasco,15,0.0,3,3/17/20,518639.0,0.0,0.0,No
1138,Pasco,16,1.0,3,3/18/20,518639.0,0.1928123415323568,1.0,Yes
1207,Pasco,17,2.0,3,3/19/20,518639.0,0.3856246830647136,1.0,Yes
1276,Pasco,18,3.0,3,3/20/20,518639.0,0.5784370245970705,1.0,Yes
1345,Pasco,19,0.0,3,3/21/20,518639.0,0.0,-3.0,No
1414,Pasco,20,5.0,3,3/22/20,518639.0,0.964061707661784,5.0,Yes
1483,Pasco,21,1.0,4,3/23/20,518639.0,0.1928123415323568,-4.0,No
1552,Pasco,22,1.0,4,3/24/20,518639.0,0.1928123415323568,0.0,Yes
35,Pinellas,0,0.0,1,3/2/20,971022.0,0.0,0.0,No
104,Pinellas,1,0.0,1,3/3/20,971022.0,0.0,0.0,No
173,Pinellas,2,0.0,1,3/4/20,971022.0,0.0,0.0,No
242,Pinellas,3,0.0,1,3/5/20,971022.0,0.0,0.0,No
311,Pinellas,4,0.0,1,3/6/20,971022.0,0.0,0.0,No
380,Pinellas,5,0.0,1,3/7/20,971022.0,0.0,0.0,No
449,Pinellas,6,0.0,1,3/8/20,971022.0,0.0,0.0,No
518,Pinellas,7,0.0,2,3/9/20,971022.0,0.0,0.0,No
587,Pinellas,8,0.0,2,3/10/20,971022.0,0.0,0.0,No
656,Pinellas,9,2.0,2,3/11/20,971022.0,0.20596855684011278,2.0,Yes
725,Pinellas,10,0.0,2,3/12/20,971022.0,0.0,-2.0,No
794,Pinellas,11,0.0,2,3/13/20,971022.0,0.0,0.0,No
863,Pinellas,12,0.0,2,3/14/20,971022.0,0.0,0.0,No
932,Pinellas,13,0.0,2,3/15/20,971022.0,0.0,0.0,No
1001,Pinellas,14,2.0,3,3/16/20,971022.0,0.20596855684011278,2.0,Yes
1070,Pinellas,15,1.0,3,3/17/20,971022.0,0.10298427842005639,-1.0,No
1139,Pinellas,16,8.0,3,3/18/20,971022.0,0.8238742273604511,7.0,Yes
1208,Pinellas,17,4.0,3,3/19/20,971022.0,0.41193711368022556,-4.0,No
1277,Pinellas,18,5.0,3,3/20/20,971022.0,0.514921392100282,1.0,Yes
1346,Pinellas,19,7.0,3,3/21/20,971022.0,0.7208899489403947,2.0,Yes
1415,Pinellas,20,10.0,3,3/22/20,971022.0,1.029842784200564,3.0,Yes
1484,Pinellas,21,5.0,4,3/23/20,971022.0,0.514921392100282,-5.0,No
1553,Pinellas,22,1.0,4,3/24/20,971022.0,0.10298427842005639,-4.0,No
36,Polk,0,0.0,1,3/2/20,681691.0,0.0,0.0,No
105,Polk,1,0.0,1,3/3/20,681691.0,0.0,0.0,No
174,Polk,2,0.0,1,3/4/20,681691.0,0.0,0.0,No
243,Polk,3,0.0,1,3/5/20,681691.0,0.0,0.0,No
312,Polk,4,0.0,1,3/6/20,681691.0,0.0,0.0,No
381,Polk,5,0.0,1,3/7/20,681691.0,0.0,0.0,No
450,Polk,6,0.0,1,3/8/20,681691.0,0.0,0.0,No
519,Polk,7,0.0,2,3/9/20,681691.0,0.0,0.0,No
588,Polk,8,0.0,2,3/10/20,681691.0,0.0,0.0,No
657,Polk,9,0.0,2,3/11/20,681691.0,0.0,0.0,No
726,Polk,10,0.0,2,3/12/20,681691.0,0.0,0.0,No
795,Polk,11,0.0,2,3/13/20,681691.0,0.0,0.0,No
864,Polk,12,0.0,2,3/14/20,681691.0,0.0,0.0,No
933,Polk,13,0.0,2,3/15/20,681691.0,0.0,0.0,No
1002,Polk,14,0.0,3,3/16/20,681691.0,0.0,0.0,No
1071,Polk,15,1.0,3,3/17/20,681691.0,0.1466940299930614,1.0,Yes
1140,Polk,16,1.0,3,3/18/20,681691.0,0.1466940299930614,0.0,Yes
1209,Polk,17,2.0,3,3/19/20,681691.0,0.2933880599861228,1.0,Yes
1278,Polk,18,6.0,3,3/20/20,681691.0,0.8801641799583683,4.0,Yes
1347,Polk,19,1.0,3,3/21/20,681691.0,0.1466940299930614,-5.0,No
1416,Polk,20,0.0,3,3/22/20,681691.0,0.0,-1.0,No
1485,Polk,21,2.0,4,3/23/20,681691.0,0.2933880599861228,2.0,Yes
1554,Polk,22,0.0,4,3/24/20,681691.0,0.0,-2.0,No
37,Putnam,0,0.0,1,3/2/20,73422.0,0.0,0.0,No
106,Putnam,1,0.0,1,3/3/20,73422.0,0.0,0.0,No
175,Putnam,2,0.0,1,3/4/20,73422.0,0.0,0.0,No
244,Putnam,3,0.0,1,3/5/20,73422.0,0.0,0.0,No
313,Putnam,4,0.0,1,3/6/20,73422.0,0.0,0.0,No
382,Putnam,5,0.0,1,3/7/20,73422.0,0.0,0.0,No
451,Putnam,6,0.0,1,3/8/20,73422.0,0.0,0.0,No
520,Putnam,7,0.0,2,3/9/20,73422.0,0.0,0.0,No
589,Putnam,8,0.0,2,3/10/20,73422.0,0.0,0.0,No
658,Putnam,9,0.0,2,3/11/20,73422.0,0.0,0.0,No
727,Putnam,10,0.0,2,3/12/20,73422.0,0.0,0.0,No
796,Putnam,11,0.0,2,3/13/20,73422.0,0.0,0.0,No
865,Putnam,12,0.0,2,3/14/20,73422.0,0.0,0.0,No
934,Putnam,13,0.0,2,3/15/20,73422.0,0.0,0.0,No
1003,Putnam,14,0.0,3,3/16/20,73422.0,0.0,0.0,No
1072,Putnam,15,0.0,3,3/17/20,73422.0,0.0,0.0,No
1141,Putnam,16,0.0,3,3/18/20,73422.0,0.0,0.0,No
1210,Putnam,17,0.0,3,3/19/20,73422.0,0.0,0.0,No
1279,Putnam,18,1.0,3,3/20/20,73422.0,1.3619895943994988,1.0,Yes
1348,Putnam,19,0.0,3,3/21/20,73422.0,0.0,-1.0,No
1417,Putnam,20,1.0,3,3/22/20,73422.0,1.3619895943994988,1.0,Yes
1486,Putnam,21,0.0,4,3/23/20,73422.0,0.0,-1.0,No
1555,Putnam,22,0.0,4,3/24/20,73422.0,0.0,0.0,No
61,Saint Johns,0,0.0,1,3/2/20,241545.0,0.0,0.0,No
130,Saint Johns,1,0.0,1,3/3/20,241545.0,0.0,0.0,No
199,Saint Johns,2,0.0,1,3/4/20,241545.0,0.0,0.0,No
268,Saint Johns,3,0.0,1,3/5/20,241545.0,0.0,0.0,No
337,Saint Johns,4,0.0,1,3/6/20,241545.0,0.0,0.0,No
406,Saint Johns,5,0.0,1,3/7/20,241545.0,0.0,0.0,No
475,Saint Johns,6,0.0,1,3/8/20,241545.0,0.0,0.0,No
544,Saint Johns,7,0.0,2,3/9/20,241545.0,0.0,0.0,No
613,Saint Johns,8,0.0,2,3/10/20,241545.0,0.0,0.0,No
682,Saint Johns,9,0.0,2,3/11/20,241545.0,0.0,0.0,No
751,Saint Johns,10,0.0,2,3/12/20,241545.0,0.0,0.0,No
820,Saint Johns,11,0.0,2,3/13/20,241545.0,0.0,0.0,No
889,Saint Johns,12,0.0,2,3/14/20,241545.0,0.0,0.0,No
958,Saint Johns,13,0.0,2,3/15/20,241545.0,0.0,0.0,No
1027,Saint Johns,14,0.0,3,3/16/20,241545.0,0.0,0.0,No
1096,Saint Johns,15,0.0,3,3/17/20,241545.0,0.0,0.0,No
1165,Saint Johns,16,0.0,3,3/18/20,241545.0,0.0,0.0,No
1234,Saint Johns,17,0.0,3,3/19/20,241545.0,0.0,0.0,No
1303,Saint Johns,18,0.0,3,3/20/20,241545.0,0.0,0.0,No
1372,Saint Johns,19,0.0,3,3/21/20,241545.0,0.0,0.0,No
1441,Saint Johns,20,0.0,3,3/22/20,241545.0,0.0,0.0,No
1510,Saint Johns,21,0.0,4,3/23/20,241545.0,0.0,0.0,No
1579,Saint Johns,22,0.0,4,3/24/20,241545.0,0.0,0.0,No
62,Saint Lucie,0,0.0,1,3/2/20,304743.0,0.0,0.0,No
131,Saint Lucie,1,0.0,1,3/3/20,304743.0,0.0,0.0,No
200,Saint Lucie,2,0.0,1,3/4/20,304743.0,0.0,0.0,No
269,Saint Lucie,3,0.0,1,3/5/20,304743.0,0.0,0.0,No
338,Saint Lucie,4,0.0,1,3/6/20,304743.0,0.0,0.0,No
407,Saint Lucie,5,0.0,1,3/7/20,304743.0,0.0,0.0,No
476,Saint Lucie,6,0.0,1,3/8/20,304743.0,0.0,0.0,No
545,Saint Lucie,7,0.0,2,3/9/20,304743.0,0.0,0.0,No
614,Saint Lucie,8,0.0,2,3/10/20,304743.0,0.0,0.0,No
683,Saint Lucie,9,0.0,2,3/11/20,304743.0,0.0,0.0,No
752,Saint Lucie,10,0.0,2,3/12/20,304743.0,0.0,0.0,No
821,Saint Lucie,11,0.0,2,3/13/20,304743.0,0.0,0.0,No
890,Saint Lucie,12,0.0,2,3/14/20,304743.0,0.0,0.0,No
959,Saint Lucie,13,0.0,2,3/15/20,304743.0,0.0,0.0,No
1028,Saint Lucie,14,0.0,3,3/16/20,304743.0,0.0,0.0,No
1097,Saint Lucie,15,0.0,3,3/17/20,304743.0,0.0,0.0,No
1166,Saint Lucie,16,0.0,3,3/18/20,304743.0,0.0,0.0,No
1235,Saint Lucie,17,0.0,3,3/19/20,304743.0,0.0,0.0,No
1304,Saint Lucie,18,0.0,3,3/20/20,304743.0,0.0,0.0,No
1373,Saint Lucie,19,0.0,3,3/21/20,304743.0,0.0,0.0,No
1442,Saint Lucie,20,0.0,3,3/22/20,304743.0,0.0,0.0,No
1511,Saint Lucie,21,0.0,4,3/23/20,304743.0,0.0,0.0,No
1580,Saint Lucie,22,0.0,4,3/24/20,304743.0,0.0,0.0,No
38,Santa Rosa,0,0.0,1,3/2/20,175552.0,0.0,0.0,No
107,Santa Rosa,1,0.0,1,3/3/20,175552.0,0.0,0.0,No
176,Santa Rosa,2,0.0,1,3/4/20,175552.0,0.0,0.0,No
245,Santa Rosa,3,1.0,1,3/5/20,175552.0,0.5696317900109369,1.0,Yes
314,Santa Rosa,4,0.0,1,3/6/20,175552.0,0.0,-1.0,No
383,Santa Rosa,5,0.0,1,3/7/20,175552.0,0.0,0.0,No
452,Santa Rosa,6,0.0,1,3/8/20,175552.0,0.0,0.0,No
521,Santa Rosa,7,0.0,2,3/9/20,175552.0,0.0,0.0,No
590,Santa Rosa,8,0.0,2,3/10/20,175552.0,0.0,0.0,No
659,Santa Rosa,9,0.0,2,3/11/20,175552.0,0.0,0.0,No
728,Santa Rosa,10,0.0,2,3/12/20,175552.0,0.0,0.0,No
797,Santa Rosa,11,0.0,2,3/13/20,175552.0,0.0,0.0,No
866,Santa Rosa,12,0.0,2,3/14/20,175552.0,0.0,0.0,No
935,Santa Rosa,13,0.0,2,3/15/20,175552.0,0.0,0.0,No
1004,Santa Rosa,14,0.0,3,3/16/20,175552.0,0.0,0.0,No
1073,Santa Rosa,15,0.0,3,3/17/20,175552.0,0.0,0.0,No
1142,Santa Rosa,16,1.0,3,3/18/20,175552.0,0.5696317900109369,1.0,Yes
1211,Santa Rosa,17,0.0,3,3/19/20,175552.0,0.0,-1.0,No
1280,Santa Rosa,18,1.0,3,3/20/20,175552.0,0.5696317900109369,1.0,Yes
1349,Santa Rosa,19,0.0,3,3/21/20,175552.0,0.0,-1.0,No
1418,Santa Rosa,20,0.0,3,3/22/20,175552.0,0.0,0.0,No
1487,Santa Rosa,21,1.0,4,3/23/20,175552.0,0.5696317900109369,1.0,Yes
1556,Santa Rosa,22,0.0,4,3/24/20,175552.0,0.0,-1.0,No
39,Sarasota,0,0.0,1,3/2/20,415896.0,0.0,0.0,No
108,Sarasota,1,0.0,1,3/3/20,415896.0,0.0,0.0,No
177,Sarasota,2,0.0,1,3/4/20,415896.0,0.0,0.0,No
246,Sarasota,3,0.0,1,3/5/20,415896.0,0.0,0.0,No
315,Sarasota,4,0.0,1,3/6/20,415896.0,0.0,0.0,No
384,Sarasota,5,0.0,1,3/7/20,415896.0,0.0,0.0,No
453,Sarasota,6,0.0,1,3/8/20,415896.0,0.0,0.0,No
522,Sarasota,7,0.0,2,3/9/20,415896.0,0.0,0.0,No
591,Sarasota,8,0.0,2,3/10/20,415896.0,0.0,0.0,No
660,Sarasota,9,0.0,2,3/11/20,415896.0,0.0,0.0,No
729,Sarasota,10,0.0,2,3/12/20,415896.0,0.0,0.0,No
798,Sarasota,11,2.0,2,3/13/20,415896.0,0.4808894531325139,2.0,Yes
867,Sarasota,12,0.0,2,3/14/20,415896.0,0.0,-2.0,No
936,Sarasota,13,0.0,2,3/15/20,415896.0,0.0,0.0,No
1005,Sarasota,14,2.0,3,3/16/20,415896.0,0.4808894531325139,2.0,Yes
1074,Sarasota,15,0.0,3,3/17/20,415896.0,0.0,-2.0,No
1143,Sarasota,16,0.0,3,3/18/20,415896.0,0.0,0.0,No
1212,Sarasota,17,2.0,3,3/19/20,415896.0,0.4808894531325139,2.0,Yes
1281,Sarasota,18,2.0,3,3/20/20,415896.0,0.4808894531325139,0.0,Yes
1350,Sarasota,19,7.0,3,3/21/20,415896.0,1.6831130859637988,5.0,Yes
1419,Sarasota,20,5.0,3,3/22/20,415896.0,1.2022236328312847,-2.0,No
1488,Sarasota,21,4.0,4,3/23/20,415896.0,0.9617789062650278,-1.0,No
1557,Sarasota,22,2.0,4,3/24/20,415896.0,0.4808894531325139,-2.0,No
40,Seminole,0,0.0,1,3/2/20,463627.0,0.0,0.0,No
109,Seminole,1,0.0,1,3/3/20,463627.0,0.0,0.0,No
178,Seminole,2,0.0,1,3/4/20,463627.0,0.0,0.0,No
247,Seminole,3,0.0,1,3/5/20,463627.0,0.0,0.0,No
316,Seminole,4,0.0,1,3/6/20,463627.0,0.0,0.0,No
385,Seminole,5,0.0,1,3/7/20,463627.0,0.0,0.0,No
454,Seminole,6,0.0,1,3/8/20,463627.0,0.0,0.0,No
523,Seminole,7,0.0,2,3/9/20,463627.0,0.0,0.0,No
592,Seminole,8,0.0,2,3/10/20,463627.0,0.0,0.0,No
661,Seminole,9,0.0,2,3/11/20,463627.0,0.0,0.0,No
730,Seminole,10,1.0,2,3/12/20,463627.0,0.21569063061469673,1.0,Yes
799,Seminole,11,0.0,2,3/13/20,463627.0,0.0,-1.0,No
868,Seminole,12,3.0,2,3/14/20,463627.0,0.6470718918440902,3.0,Yes
937,Seminole,13,0.0,2,3/15/20,463627.0,0.0,-3.0,No
1006,Seminole,14,0.0,3,3/16/20,463627.0,0.0,0.0,No
1075,Seminole,15,2.0,3,3/17/20,463627.0,0.43138126122939346,2.0,Yes
1144,Seminole,16,2.0,3,3/18/20,463627.0,0.43138126122939346,0.0,Yes
1213,Seminole,17,0.0,3,3/19/20,463627.0,0.0,-2.0,No
1282,Seminole,18,3.0,3,3/20/20,463627.0,0.6470718918440902,3.0,Yes
1351,Seminole,19,5.0,3,3/21/20,463627.0,1.0784531530734838,2.0,Yes
1420,Seminole,20,3.0,3,3/22/20,463627.0,0.6470718918440902,-2.0,No
1489,Seminole,21,4.0,4,3/23/20,463627.0,0.8627625224587869,1.0,Yes
1558,Seminole,22,0.0,4,3/24/20,463627.0,0.0,-4.0,No
41,St. Johns,0,0.0,1,3/2/20,,,0.0,No
110,St. Johns,1,0.0,1,3/3/20,,,0.0,No
179,St. Johns,2,0.0,1,3/4/20,,,0.0,No
248,St. Johns,3,0.0,1,3/5/20,,,0.0,No
317,St. Johns,4,0.0,1,3/6/20,,,0.0,No
386,St. Johns,5,0.0,1,3/7/20,,,0.0,No
455,St. Johns,6,0.0,1,3/8/20,,,0.0,No
524,St. Johns,7,0.0,2,3/9/20,,,0.0,No
593,St. Johns,8,0.0,2,3/10/20,,,0.0,No
662,St. Johns,9,0.0,2,3/11/20,,,0.0,No
731,St. Johns,10,1.0,2,3/12/20,,,1.0,Yes
800,St. Johns,11,0.0,2,3/13/20,,,-1.0,No
869,St. Johns,12,1.0,2,3/14/20,,,1.0,Yes
938,St. Johns,13,0.0,2,3/15/20,,,-1.0,No
1007,St. Johns,14,1.0,3,3/16/20,,,1.0,Yes
1076,St. Johns,15,0.0,3,3/17/20,,,-1.0,No
1145,St. Johns,16,2.0,3,3/18/20,,,2.0,Yes
1214,St. Johns,17,0.0,3,3/19/20,,,-2.0,No
1283,St. Johns,18,4.0,3,3/20/20,,,4.0,Yes
1352,St. Johns,19,3.0,3,3/21/20,,,-1.0,No
1421,St. Johns,20,10.0,3,3/22/20,,,7.0,Yes
1490,St. Johns,21,5.0,4,3/23/20,,,-5.0,No
1559,St. Johns,22,1.0,4,3/24/20,,,-4.0,No
42,Sumter,0,0.0,1,3/2/20,125779.0,0.0,0.0,No
111,Sumter,1,0.0,1,3/3/20,125779.0,0.0,0.0,No
180,Sumter,2,0.0,1,3/4/20,125779.0,0.0,0.0,No
249,Sumter,3,0.0,1,3/5/20,125779.0,0.0,0.0,No
318,Sumter,4,0.0,1,3/6/20,125779.0,0.0,0.0,No
387,Sumter,5,0.0,1,3/7/20,125779.0,0.0,0.0,No
456,Sumter,6,0.0,1,3/8/20,125779.0,0.0,0.0,No
525,Sumter,7,0.0,2,3/9/20,125779.0,0.0,0.0,No
594,Sumter,8,0.0,2,3/10/20,125779.0,0.0,0.0,No
663,Sumter,9,0.0,2,3/11/20,125779.0,0.0,0.0,No
732,Sumter,10,0.0,2,3/12/20,125779.0,0.0,0.0,No
801,Sumter,11,0.0,2,3/13/20,125779.0,0.0,0.0,No
870,Sumter,12,0.0,2,3/14/20,125779.0,0.0,0.0,No
939,Sumter,13,0.0,2,3/15/20,125779.0,0.0,0.0,No
1008,Sumter,14,0.0,3,3/16/20,125779.0,0.0,0.0,No
1077,Sumter,15,0.0,3,3/17/20,125779.0,0.0,0.0,No
1146,Sumter,16,1.0,3,3/18/20,125779.0,0.7950452778285724,1.0,Yes
1215,Sumter,17,1.0,3,3/19/20,125779.0,0.7950452778285724,0.0,Yes
1284,Sumter,18,0.0,3,3/20/20,125779.0,0.0,-1.0,No
1353,Sumter,19,2.0,3,3/21/20,125779.0,1.5900905556571447,2.0,Yes
1422,Sumter,20,4.0,3,3/22/20,125779.0,3.1801811113142895,2.0,Yes
1491,Sumter,21,2.0,4,3/23/20,125779.0,1.5900905556571447,-2.0,No
1560,Sumter,22,0.0,4,3/24/20,125779.0,0.0,-2.0,No
63,Suwannee,0,0.0,1,3/2/20,45123.0,0.0,0.0,No
132,Suwannee,1,0.0,1,3/3/20,45123.0,0.0,0.0,No
201,Suwannee,2,0.0,1,3/4/20,45123.0,0.0,0.0,No
270,Suwannee,3,0.0,1,3/5/20,45123.0,0.0,0.0,No
339,Suwannee,4,0.0,1,3/6/20,45123.0,0.0,0.0,No
408,Suwannee,5,0.0,1,3/7/20,45123.0,0.0,0.0,No
477,Suwannee,6,0.0,1,3/8/20,45123.0,0.0,0.0,No
546,Suwannee,7,0.0,2,3/9/20,45123.0,0.0,0.0,No
615,Suwannee,8,0.0,2,3/10/20,45123.0,0.0,0.0,No
684,Suwannee,9,0.0,2,3/11/20,45123.0,0.0,0.0,No
753,Suwannee,10,0.0,2,3/12/20,45123.0,0.0,0.0,No
822,Suwannee,11,0.0,2,3/13/20,45123.0,0.0,0.0,No
891,Suwannee,12,0.0,2,3/14/20,45123.0,0.0,0.0,No
960,Suwannee,13,0.0,2,3/15/20,45123.0,0.0,0.0,No
1029,Suwannee,14,0.0,3,3/16/20,45123.0,0.0,0.0,No
1098,Suwannee,15,0.0,3,3/17/20,45123.0,0.0,0.0,No
1167,Suwannee,16,0.0,3,3/18/20,45123.0,0.0,0.0,No
1236,Suwannee,17,0.0,3,3/19/20,45123.0,0.0,0.0,No
1305,Suwannee,18,0.0,3,3/20/20,45123.0,0.0,0.0,No
1374,Suwannee,19,0.0,3,3/21/20,45123.0,0.0,0.0,No
1443,Suwannee,20,0.0,3,3/22/20,45123.0,0.0,0.0,No
1512,Suwannee,21,0.0,4,3/23/20,45123.0,0.0,0.0,No
1581,Suwannee,22,0.0,4,3/24/20,45123.0,0.0,0.0,No
64,Taylor,0,0.0,1,3/2/20,22258.0,0.0,0.0,No
133,Taylor,1,0.0,1,3/3/20,22258.0,0.0,0.0,No
202,Taylor,2,0.0,1,3/4/20,22258.0,0.0,0.0,No
271,Taylor,3,0.0,1,3/5/20,22258.0,0.0,0.0,No
340,Taylor,4,0.0,1,3/6/20,22258.0,0.0,0.0,No
409,Taylor,5,0.0,1,3/7/20,22258.0,0.0,0.0,No
478,Taylor,6,0.0,1,3/8/20,22258.0,0.0,0.0,No
547,Taylor,7,0.0,2,3/9/20,22258.0,0.0,0.0,No
616,Taylor,8,0.0,2,3/10/20,22258.0,0.0,0.0,No
685,Taylor,9,0.0,2,3/11/20,22258.0,0.0,0.0,No
754,Taylor,10,0.0,2,3/12/20,22258.0,0.0,0.0,No
823,Taylor,11,0.0,2,3/13/20,22258.0,0.0,0.0,No
892,Taylor,12,0.0,2,3/14/20,22258.0,0.0,0.0,No
961,Taylor,13,0.0,2,3/15/20,22258.0,0.0,0.0,No
1030,Taylor,14,0.0,3,3/16/20,22258.0,0.0,0.0,No
1099,Taylor,15,0.0,3,3/17/20,22258.0,0.0,0.0,No
1168,Taylor,16,0.0,3,3/18/20,22258.0,0.0,0.0,No
1237,Taylor,17,0.0,3,3/19/20,22258.0,0.0,0.0,No
1306,Taylor,18,0.0,3,3/20/20,22258.0,0.0,0.0,No
1375,Taylor,19,0.0,3,3/21/20,22258.0,0.0,0.0,No
1444,Taylor,20,0.0,3,3/22/20,22258.0,0.0,0.0,No
1513,Taylor,21,0.0,4,3/23/20,22258.0,0.0,0.0,No
1582,Taylor,22,0.0,4,3/24/20,22258.0,0.0,0.0,No
65,Union,0,0.0,1,3/2/20,15966.0,0.0,0.0,No
134,Union,1,0.0,1,3/3/20,15966.0,0.0,0.0,No
203,Union,2,0.0,1,3/4/20,15966.0,0.0,0.0,No
272,Union,3,0.0,1,3/5/20,15966.0,0.0,0.0,No
341,Union,4,0.0,1,3/6/20,15966.0,0.0,0.0,No
410,Union,5,0.0,1,3/7/20,15966.0,0.0,0.0,No
479,Union,6,0.0,1,3/8/20,15966.0,0.0,0.0,No
548,Union,7,0.0,2,3/9/20,15966.0,0.0,0.0,No
617,Union,8,0.0,2,3/10/20,15966.0,0.0,0.0,No
686,Union,9,0.0,2,3/11/20,15966.0,0.0,0.0,No
755,Union,10,0.0,2,3/12/20,15966.0,0.0,0.0,No
824,Union,11,0.0,2,3/13/20,15966.0,0.0,0.0,No
893,Union,12,0.0,2,3/14/20,15966.0,0.0,0.0,No
962,Union,13,0.0,2,3/15/20,15966.0,0.0,0.0,No
1031,Union,14,0.0,3,3/16/20,15966.0,0.0,0.0,No
1100,Union,15,0.0,3,3/17/20,15966.0,0.0,0.0,No
1169,Union,16,0.0,3,3/18/20,15966.0,0.0,0.0,No
1238,Union,17,0.0,3,3/19/20,15966.0,0.0,0.0,No
1307,Union,18,0.0,3,3/20/20,15966.0,0.0,0.0,No
1376,Union,19,0.0,3,3/21/20,15966.0,0.0,0.0,No
1445,Union,20,0.0,3,3/22/20,15966.0,0.0,0.0,No
1514,Union,21,0.0,4,3/23/20,15966.0,0.0,0.0,No
1583,Union,22,0.0,4,3/24/20,15966.0,0.0,0.0,No
43,Volusia,0,0.0,1,3/2/20,532926.0,0.0,0.0,No
112,Volusia,1,0.0,1,3/3/20,532926.0,0.0,0.0,No
181,Volusia,2,0.0,1,3/4/20,532926.0,0.0,0.0,No
250,Volusia,3,0.0,1,3/5/20,532926.0,0.0,0.0,No
319,Volusia,4,0.0,1,3/6/20,532926.0,0.0,0.0,No
388,Volusia,5,0.0,1,3/7/20,532926.0,0.0,0.0,No
457,Volusia,6,1.0,1,3/8/20,532926.0,0.18764331257998296,1.0,Yes
526,Volusia,7,1.0,2,3/9/20,532926.0,0.18764331257998296,0.0,Yes
595,Volusia,8,0.0,2,3/10/20,532926.0,0.0,-1.0,No
664,Volusia,9,0.0,2,3/11/20,532926.0,0.0,0.0,No
733,Volusia,10,0.0,2,3/12/20,532926.0,0.0,0.0,No
802,Volusia,11,1.0,2,3/13/20,532926.0,0.18764331257998296,1.0,Yes
871,Volusia,12,3.0,2,3/14/20,532926.0,0.5629299377399489,2.0,Yes
940,Volusia,13,1.0,2,3/15/20,532926.0,0.18764331257998296,-2.0,No
1009,Volusia,14,1.0,3,3/16/20,532926.0,0.18764331257998296,0.0,Yes
1078,Volusia,15,1.0,3,3/17/20,532926.0,0.18764331257998296,0.0,Yes
1147,Volusia,16,0.0,3,3/18/20,532926.0,0.0,-1.0,No
1216,Volusia,17,0.0,3,3/19/20,532926.0,0.0,0.0,No
1285,Volusia,18,1.0,3,3/20/20,532926.0,0.18764331257998296,1.0,Yes
1354,Volusia,19,2.0,3,3/21/20,532926.0,0.3752866251599659,1.0,Yes
1423,Volusia,20,2.0,3,3/22/20,532926.0,0.3752866251599659,0.0,Yes
1492,Volusia,21,3.0,4,3/23/20,532926.0,0.5629299377399489,1.0,Yes
1561,Volusia,22,1.0,4,3/24/20,532926.0,0.18764331257998296,-2.0,No
66,Wakulla,0,0.0,1,3/2/20,32350.0,0.0,0.0,No
135,Wakulla,1,0.0,1,3/3/20,32350.0,0.0,0.0,No
204,Wakulla,2,0.0,1,3/4/20,32350.0,0.0,0.0,No
273,Wakulla,3,0.0,1,3/5/20,32350.0,0.0,0.0,No
342,Wakulla,4,0.0,1,3/6/20,32350.0,0.0,0.0,No
411,Wakulla,5,0.0,1,3/7/20,32350.0,0.0,0.0,No
480,Wakulla,6,0.0,1,3/8/20,32350.0,0.0,0.0,No
549,Wakulla,7,0.0,2,3/9/20,32350.0,0.0,0.0,No
618,Wakulla,8,0.0,2,3/10/20,32350.0,0.0,0.0,No
687,Wakulla,9,0.0,2,3/11/20,32350.0,0.0,0.0,No
756,Wakulla,10,0.0,2,3/12/20,32350.0,0.0,0.0,No
825,Wakulla,11,0.0,2,3/13/20,32350.0,0.0,0.0,No
894,Wakulla,12,0.0,2,3/14/20,32350.0,0.0,0.0,No
963,Wakulla,13,0.0,2,3/15/20,32350.0,0.0,0.0,No
1032,Wakulla,14,0.0,3,3/16/20,32350.0,0.0,0.0,No
1101,Wakulla,15,0.0,3,3/17/20,32350.0,0.0,0.0,No
1170,Wakulla,16,0.0,3,3/18/20,32350.0,0.0,0.0,No
1239,Wakulla,17,0.0,3,3/19/20,32350.0,0.0,0.0,No
1308,Wakulla,18,0.0,3,3/20/20,32350.0,0.0,0.0,No
1377,Wakulla,19,0.0,3,3/21/20,32350.0,0.0,0.0,No
1446,Wakulla,20,0.0,3,3/22/20,32350.0,0.0,0.0,No
1515,Wakulla,21,0.0,4,3/23/20,32350.0,0.0,0.0,No
1584,Wakulla,22,0.0,4,3/24/20,32350.0,0.0,0.0,No
44,Walton,0,0.0,1,3/2/20,67926.0,0.0,0.0,No
113,Walton,1,0.0,1,3/3/20,67926.0,0.0,0.0,No
182,Walton,2,0.0,1,3/4/20,67926.0,0.0,0.0,No
251,Walton,3,0.0,1,3/5/20,67926.0,0.0,0.0,No
320,Walton,4,0.0,1,3/6/20,67926.0,0.0,0.0,No
389,Walton,5,0.0,1,3/7/20,67926.0,0.0,0.0,No
458,Walton,6,0.0,1,3/8/20,67926.0,0.0,0.0,No
527,Walton,7,0.0,2,3/9/20,67926.0,0.0,0.0,No
596,Walton,8,0.0,2,3/10/20,67926.0,0.0,0.0,No
665,Walton,9,0.0,2,3/11/20,67926.0,0.0,0.0,No
734,Walton,10,0.0,2,3/12/20,67926.0,0.0,0.0,No
803,Walton,11,0.0,2,3/13/20,67926.0,0.0,0.0,No
872,Walton,12,0.0,2,3/14/20,67926.0,0.0,0.0,No
941,Walton,13,0.0,2,3/15/20,67926.0,0.0,0.0,No
1010,Walton,14,0.0,3,3/16/20,67926.0,0.0,0.0,No
1079,Walton,15,0.0,3,3/17/20,67926.0,0.0,0.0,No
1148,Walton,16,1.0,3,3/18/20,67926.0,1.4721903247651855,1.0,Yes
1217,Walton,17,0.0,3,3/19/20,67926.0,0.0,-1.0,No
1286,Walton,18,2.0,3,3/20/20,67926.0,2.944380649530371,2.0,Yes
1355,Walton,19,0.0,3,3/21/20,67926.0,0.0,-2.0,No
1424,Walton,20,0.0,3,3/22/20,67926.0,0.0,0.0,No
1493,Walton,21,6.0,4,3/23/20,67926.0,8.833141948591114,6.0,Yes
1562,Walton,22,1.0,4,3/24/20,67926.0,1.4721903247651855,-5.0,No
67,Washington,0,0.0,1,3/2/20,25243.0,0.0,0.0,No
136,Washington,1,0.0,1,3/3/20,25243.0,0.0,0.0,No
205,Washington,2,0.0,1,3/4/20,25243.0,0.0,0.0,No
274,Washington,3,0.0,1,3/5/20,25243.0,0.0,0.0,No
343,Washington,4,0.0,1,3/6/20,25243.0,0.0,0.0,No
412,Washington,5,0.0,1,3/7/20,25243.0,0.0,0.0,No
481,Washington,6,0.0,1,3/8/20,25243.0,0.0,0.0,No
550,Washington,7,0.0,2,3/9/20,25243.0,0.0,0.0,No
619,Washington,8,0.0,2,3/10/20,25243.0,0.0,0.0,No
688,Washington,9,0.0,2,3/11/20,25243.0,0.0,0.0,No
757,Washington,10,0.0,2,3/12/20,25243.0,0.0,0.0,No
826,Washington,11,0.0,2,3/13/20,25243.0,0.0,0.0,No
895,Washington,12,0.0,2,3/14/20,25243.0,0.0,0.0,No
964,Washington,13,0.0,2,3/15/20,25243.0,0.0,0.0,No
1033,Washington,14,0.0,3,3/16/20,25243.0,0.0,0.0,No
1102,Washington,15,0.0,3,3/17/20,25243.0,0.0,0.0,No
1171,Washington,16,0.0,3,3/18/20,25243.0,0.0,0.0,No
1240,Washington,17,0.0,3,3/19/20,25243.0,0.0,0.0,No
1309,Washington,18,0.0,3,3/20/20,25243.0,0.0,0.0,No
1378,Washington,19,0.0,3,3/21/20,25243.0,0.0,0.0,No
1447,Washington,20,0.0,3,3/22/20,25243.0,0.0,0.0,No
1516,Washington,21,0.0,4,3/23/20,25243.0,0.0,0.0,No
1585,Washington,22,0.0,4,3/24/20,25243.0,0.0,0.0,No
