,County,Day,Cases,Week,Date,Population,Rate,Change,Double,Increase,Total
0,Alachua,0,0.0,1,3/2/20,263753.0,0.0,0.0,No,,0.0
72,Alachua,1,0.0,1,3/3/20,263753.0,0.0,0.0,No,,0.0
144,Alachua,2,0.0,1,3/4/20,263753.0,0.0,0.0,No,,0.0
216,Alachua,3,0.0,1,3/5/20,263753.0,0.0,0.0,No,,0.0
288,Alachua,4,0.0,1,3/6/20,263753.0,0.0,0.0,No,,0.0
360,Alachua,5,0.0,1,3/7/20,263753.0,0.0,0.0,No,,0.0
432,Alachua,6,0.0,1,3/8/20,263753.0,0.0,0.0,No,,0.0
504,Alachua,7,1.0,2,3/9/20,263753.0,0.3791426069087366,1.0,Yes,100.0,0.3791426069087366
576,Alachua,8,0.0,2,3/10/20,263753.0,0.0,-1.0,No,-0.0,0.3791426069087366
648,Alachua,9,0.0,2,3/11/20,263753.0,0.0,0.0,No,,0.0
720,Alachua,10,1.0,2,3/12/20,263753.0,0.3791426069087366,1.0,Yes,100.0,0.3791426069087366
792,Alachua,11,1.0,2,3/13/20,263753.0,0.3791426069087366,0.0,Yes,inf,0.7582852138174732
864,Alachua,12,0.0,2,3/14/20,263753.0,0.0,-1.0,No,-0.0,0.3791426069087366
936,Alachua,13,1.0,2,3/15/20,263753.0,0.3791426069087366,1.0,Yes,100.0,0.3791426069087366
1008,Alachua,14,2.0,3,3/16/20,263753.0,0.7582852138174732,1.0,Yes,200.0,1.1374278207262098
1080,Alachua,15,3.0,3,3/17/20,263753.0,1.1374278207262098,1.0,Yes,300.0,1.895713034543683
1152,Alachua,16,2.0,3,3/18/20,263753.0,0.7582852138174732,-1.0,No,-200.0,1.895713034543683
1224,Alachua,17,5.0,3,3/19/20,263753.0,1.8957130345436828,3.0,Yes,166.66666666666669,2.653998248361156
1296,Alachua,18,13.0,3,3/20/20,263753.0,4.928853889813576,8.0,Yes,162.5,6.824566924357258
1368,Alachua,19,6.0,3,3/21/20,263753.0,2.2748556414524197,-7.0,No,-85.71428571428571,7.203709531265996
1,Baker,0,0.0,1,3/2/20,27488.0,0.0,0.0,No,,0.0
73,Baker,1,0.0,1,3/3/20,27488.0,0.0,0.0,No,,0.0
145,Baker,2,0.0,1,3/4/20,27488.0,0.0,0.0,No,,0.0
217,Baker,3,0.0,1,3/5/20,27488.0,0.0,0.0,No,,0.0
289,Baker,4,0.0,1,3/6/20,27488.0,0.0,0.0,No,,0.0
361,Baker,5,0.0,1,3/7/20,27488.0,0.0,0.0,No,,0.0
433,Baker,6,0.0,1,3/8/20,27488.0,0.0,0.0,No,,0.0
505,Baker,7,0.0,2,3/9/20,27488.0,0.0,0.0,No,,0.0
577,Baker,8,0.0,2,3/10/20,27488.0,0.0,0.0,No,,0.0
649,Baker,9,0.0,2,3/11/20,27488.0,0.0,0.0,No,,0.0
721,Baker,10,0.0,2,3/12/20,27488.0,0.0,0.0,No,,0.0
793,Baker,11,0.0,2,3/13/20,27488.0,0.0,0.0,No,,0.0
865,Baker,12,0.0,2,3/14/20,27488.0,0.0,0.0,No,,0.0
937,Baker,13,0.0,2,3/15/20,27488.0,0.0,0.0,No,,0.0
1009,Baker,14,0.0,3,3/16/20,27488.0,0.0,0.0,No,,0.0
1081,Baker,15,0.0,3,3/17/20,27488.0,0.0,0.0,No,,0.0
1153,Baker,16,0.0,3,3/18/20,27488.0,0.0,0.0,No,,0.0
1225,Baker,17,1.0,3,3/19/20,27488.0,3.637951105937136,1.0,Yes,100.0,3.637951105937136
1297,Baker,18,0.0,3,3/20/20,27488.0,0.0,-1.0,No,-0.0,3.637951105937136
1369,Baker,19,1.0,3,3/21/20,27488.0,3.637951105937136,1.0,Yes,100.0,3.637951105937136
2,Bay,0,0.0,1,3/2/20,182218.0,0.0,0.0,No,,0.0
74,Bay,1,0.0,1,3/3/20,182218.0,0.0,0.0,No,,0.0
146,Bay,2,0.0,1,3/4/20,182218.0,0.0,0.0,No,,0.0
218,Bay,3,0.0,1,3/5/20,182218.0,0.0,0.0,No,,0.0
290,Bay,4,0.0,1,3/6/20,182218.0,0.0,0.0,No,,0.0
362,Bay,5,0.0,1,3/7/20,182218.0,0.0,0.0,No,,0.0
434,Bay,6,0.0,1,3/8/20,182218.0,0.0,0.0,No,,0.0
506,Bay,7,0.0,2,3/9/20,182218.0,0.0,0.0,No,,0.0
578,Bay,8,0.0,2,3/10/20,182218.0,0.0,0.0,No,,0.0
650,Bay,9,0.0,2,3/11/20,182218.0,0.0,0.0,No,,0.0
722,Bay,10,0.0,2,3/12/20,182218.0,0.0,0.0,No,,0.0
794,Bay,11,0.0,2,3/13/20,182218.0,0.0,0.0,No,,0.0
866,Bay,12,0.0,2,3/14/20,182218.0,0.0,0.0,No,,0.0
938,Bay,13,0.0,2,3/15/20,182218.0,0.0,0.0,No,,0.0
1010,Bay,14,0.0,3,3/16/20,182218.0,0.0,0.0,No,,0.0
1082,Bay,15,0.0,3,3/17/20,182218.0,0.0,0.0,No,,0.0
1154,Bay,16,0.0,3,3/18/20,182218.0,0.0,0.0,No,,0.0
1226,Bay,17,0.0,3,3/19/20,182218.0,0.0,0.0,No,,0.0
1298,Bay,18,1.0,3,3/20/20,182218.0,0.5487932037449648,1.0,Yes,100.0,0.5487932037449648
1370,Bay,19,0.0,3,3/21/20,182218.0,0.0,-1.0,No,-0.0,0.5487932037449648
3,Bradford,0,0.0,1,3/2/20,28083.0,0.0,0.0,No,,0.0
75,Bradford,1,0.0,1,3/3/20,28083.0,0.0,0.0,No,,0.0
147,Bradford,2,0.0,1,3/4/20,28083.0,0.0,0.0,No,,0.0
219,Bradford,3,0.0,1,3/5/20,28083.0,0.0,0.0,No,,0.0
291,Bradford,4,0.0,1,3/6/20,28083.0,0.0,0.0,No,,0.0
363,Bradford,5,0.0,1,3/7/20,28083.0,0.0,0.0,No,,0.0
435,Bradford,6,0.0,1,3/8/20,28083.0,0.0,0.0,No,,0.0
507,Bradford,7,0.0,2,3/9/20,28083.0,0.0,0.0,No,,0.0
579,Bradford,8,0.0,2,3/10/20,28083.0,0.0,0.0,No,,0.0
651,Bradford,9,0.0,2,3/11/20,28083.0,0.0,0.0,No,,0.0
723,Bradford,10,0.0,2,3/12/20,28083.0,0.0,0.0,No,,0.0
795,Bradford,11,0.0,2,3/13/20,28083.0,0.0,0.0,No,,0.0
867,Bradford,12,0.0,2,3/14/20,28083.0,0.0,0.0,No,,0.0
939,Bradford,13,0.0,2,3/15/20,28083.0,0.0,0.0,No,,0.0
1011,Bradford,14,0.0,3,3/16/20,28083.0,0.0,0.0,No,,0.0
1083,Bradford,15,0.0,3,3/17/20,28083.0,0.0,0.0,No,,0.0
1155,Bradford,16,0.0,3,3/18/20,28083.0,0.0,0.0,No,,0.0
1227,Bradford,17,0.0,3,3/19/20,28083.0,0.0,0.0,No,,0.0
1299,Bradford,18,0.0,3,3/20/20,28083.0,0.0,0.0,No,,0.0
1371,Bradford,19,1.0,3,3/21/20,28083.0,3.5608731260905175,1.0,Yes,100.0,3.5608731260905175
4,Brevard,0,0.0,1,3/2/20,584050.0,0.0,0.0,No,,0.0
76,Brevard,1,0.0,1,3/3/20,584050.0,0.0,0.0,No,,0.0
148,Brevard,2,0.0,1,3/4/20,584050.0,0.0,0.0,No,,0.0
220,Brevard,3,0.0,1,3/5/20,584050.0,0.0,0.0,No,,0.0
292,Brevard,4,0.0,1,3/6/20,584050.0,0.0,0.0,No,,0.0
364,Brevard,5,0.0,1,3/7/20,584050.0,0.0,0.0,No,,0.0
436,Brevard,6,0.0,1,3/8/20,584050.0,0.0,0.0,No,,0.0
508,Brevard,7,0.0,2,3/9/20,584050.0,0.0,0.0,No,,0.0
580,Brevard,8,0.0,2,3/10/20,584050.0,0.0,0.0,No,,0.0
652,Brevard,9,0.0,2,3/11/20,584050.0,0.0,0.0,No,,0.0
724,Brevard,10,0.0,2,3/12/20,584050.0,0.0,0.0,No,,0.0
796,Brevard,11,0.0,2,3/13/20,584050.0,0.0,0.0,No,,0.0
868,Brevard,12,0.0,2,3/14/20,584050.0,0.0,0.0,No,,0.0
940,Brevard,13,0.0,2,3/15/20,584050.0,0.0,0.0,No,,0.0
1012,Brevard,14,1.0,3,3/16/20,584050.0,0.1712182176183546,1.0,Yes,100.0,0.1712182176183546
1084,Brevard,15,1.0,3,3/17/20,584050.0,0.1712182176183546,0.0,Yes,inf,0.3424364352367092
1156,Brevard,16,1.0,3,3/18/20,584050.0,0.1712182176183546,0.0,Yes,inf,0.3424364352367092
1228,Brevard,17,1.0,3,3/19/20,584050.0,0.1712182176183546,0.0,Yes,inf,0.3424364352367092
1300,Brevard,18,1.0,3,3/20/20,584050.0,0.1712182176183546,0.0,Yes,inf,0.3424364352367092
1372,Brevard,19,2.0,3,3/21/20,584050.0,0.3424364352367092,1.0,Yes,200.0,0.5136546528550638
5,Broward,0,0.0,1,3/2/20,1903210.0,0.0,0.0,No,,0.0
77,Broward,1,0.0,1,3/3/20,1903210.0,0.0,0.0,No,,0.0
149,Broward,2,0.0,1,3/4/20,1903210.0,0.0,0.0,No,,0.0
221,Broward,3,0.0,1,3/5/20,1903210.0,0.0,0.0,No,,0.0
293,Broward,4,2.0,1,3/6/20,1903210.0,0.10508561850767913,2.0,Yes,100.0,0.10508561850767913
365,Broward,5,0.0,1,3/7/20,1903210.0,0.0,-2.0,No,-0.0,0.10508561850767913
437,Broward,6,1.0,1,3/8/20,1903210.0,0.05254280925383956,1.0,Yes,100.0,0.05254280925383956
509,Broward,7,1.0,2,3/9/20,1903210.0,0.05254280925383956,0.0,Yes,inf,0.10508561850767913
581,Broward,8,0.0,2,3/10/20,1903210.0,0.0,-1.0,No,-0.0,0.05254280925383956
653,Broward,9,3.0,2,3/11/20,1903210.0,0.1576284277615187,3.0,Yes,100.0,0.1576284277615187
725,Broward,10,5.0,2,3/12/20,1903210.0,0.2627140462691978,2.0,Yes,250.0,0.4203424740307165
797,Broward,11,13.0,2,3/13/20,1903210.0,0.6830565202999144,8.0,Yes,162.5,0.9457705665691122
869,Broward,12,16.0,2,3/14/20,1903210.0,0.840684948061433,3.0,Yes,533.3333333333333,1.5237414683613473
941,Broward,13,6.0,2,3/15/20,1903210.0,0.3152568555230374,-10.0,No,-60.0,1.1559418035844704
1013,Broward,14,8.0,3,3/16/20,1903210.0,0.4203424740307165,2.0,Yes,400.0,0.735599329553754
1085,Broward,15,27.0,3,3/17/20,1903210.0,1.4186558498536683,19.0,Yes,142.10526315789474,1.8389983238843848
1157,Broward,16,13.0,3,3/18/20,1903210.0,0.6830565202999144,-14.0,No,-92.85714285714286,2.1017123701535825
1229,Broward,17,31.0,3,3/19/20,1903210.0,1.6288270868690264,18.0,Yes,172.22222222222223,2.311883607168941
1301,Broward,18,39.0,3,3/20/20,1903210.0,2.049169560899743,8.0,Yes,487.5,3.6779966477687696
1373,Broward,19,52.0,3,3/21/20,1903210.0,2.7322260811996575,13.0,Yes,400.0,4.781395642099401
47,Calhoun,0,0.0,1,3/2/20,15315.0,0.0,0.0,No,,0.0
119,Calhoun,1,0.0,1,3/3/20,15315.0,0.0,0.0,No,,0.0
191,Calhoun,2,0.0,1,3/4/20,15315.0,0.0,0.0,No,,0.0
263,Calhoun,3,0.0,1,3/5/20,15315.0,0.0,0.0,No,,0.0
335,Calhoun,4,0.0,1,3/6/20,15315.0,0.0,0.0,No,,0.0
407,Calhoun,5,0.0,1,3/7/20,15315.0,0.0,0.0,No,,0.0
479,Calhoun,6,0.0,1,3/8/20,15315.0,0.0,0.0,No,,0.0
551,Calhoun,7,0.0,2,3/9/20,15315.0,0.0,0.0,No,,0.0
623,Calhoun,8,0.0,2,3/10/20,15315.0,0.0,0.0,No,,0.0
695,Calhoun,9,0.0,2,3/11/20,15315.0,0.0,0.0,No,,0.0
767,Calhoun,10,0.0,2,3/12/20,15315.0,0.0,0.0,No,,0.0
839,Calhoun,11,0.0,2,3/13/20,15315.0,0.0,0.0,No,,0.0
911,Calhoun,12,0.0,2,3/14/20,15315.0,0.0,0.0,No,,0.0
983,Calhoun,13,0.0,2,3/15/20,15315.0,0.0,0.0,No,,0.0
1055,Calhoun,14,0.0,3,3/16/20,15315.0,0.0,0.0,No,,0.0
1127,Calhoun,15,0.0,3,3/17/20,15315.0,0.0,0.0,No,,0.0
1199,Calhoun,16,0.0,3,3/18/20,15315.0,0.0,0.0,No,,0.0
1271,Calhoun,17,0.0,3,3/19/20,15315.0,0.0,0.0,No,,0.0
1343,Calhoun,18,0.0,3,3/20/20,15315.0,0.0,0.0,No,,0.0
1415,Calhoun,19,0.0,3,3/21/20,15315.0,0.0,0.0,No,,0.0
6,Charlotte,0,0.0,1,3/2/20,175413.0,0.0,0.0,No,,0.0
78,Charlotte,1,0.0,1,3/3/20,175413.0,0.0,0.0,No,,0.0
150,Charlotte,2,0.0,1,3/4/20,175413.0,0.0,0.0,No,,0.0
222,Charlotte,3,0.0,1,3/5/20,175413.0,0.0,0.0,No,,0.0
294,Charlotte,4,0.0,1,3/6/20,175413.0,0.0,0.0,No,,0.0
366,Charlotte,5,0.0,1,3/7/20,175413.0,0.0,0.0,No,,0.0
438,Charlotte,6,1.0,1,3/8/20,175413.0,0.5700831751352523,1.0,Yes,100.0,0.5700831751352523
510,Charlotte,7,0.0,2,3/9/20,175413.0,0.0,-1.0,No,-0.0,0.5700831751352523
582,Charlotte,8,0.0,2,3/10/20,175413.0,0.0,0.0,No,,0.0
654,Charlotte,9,0.0,2,3/11/20,175413.0,0.0,0.0,No,,0.0
726,Charlotte,10,0.0,2,3/12/20,175413.0,0.0,0.0,No,,0.0
798,Charlotte,11,0.0,2,3/13/20,175413.0,0.0,0.0,No,,0.0
870,Charlotte,12,0.0,2,3/14/20,175413.0,0.0,0.0,No,,0.0
942,Charlotte,13,0.0,2,3/15/20,175413.0,0.0,0.0,No,,0.0
1014,Charlotte,14,0.0,3,3/16/20,175413.0,0.0,0.0,No,,0.0
1086,Charlotte,15,0.0,3,3/17/20,175413.0,0.0,0.0,No,,0.0
1158,Charlotte,16,0.0,3,3/18/20,175413.0,0.0,0.0,No,,0.0
1230,Charlotte,17,1.0,3,3/19/20,175413.0,0.5700831751352523,1.0,Yes,100.0,0.5700831751352523
1302,Charlotte,18,0.0,3,3/20/20,175413.0,0.0,-1.0,No,-0.0,0.5700831751352523
1374,Charlotte,19,0.0,3,3/21/20,175413.0,0.0,0.0,No,,0.0
7,Citrus,0,0.0,1,3/2/20,145164.0,0.0,0.0,No,,0.0
79,Citrus,1,0.0,1,3/3/20,145164.0,0.0,0.0,No,,0.0
151,Citrus,2,0.0,1,3/4/20,145164.0,0.0,0.0,No,,0.0
223,Citrus,3,0.0,1,3/5/20,145164.0,0.0,0.0,No,,0.0
295,Citrus,4,0.0,1,3/6/20,145164.0,0.0,0.0,No,,0.0
367,Citrus,5,0.0,1,3/7/20,145164.0,0.0,0.0,No,,0.0
439,Citrus,6,0.0,1,3/8/20,145164.0,0.0,0.0,No,,0.0
511,Citrus,7,0.0,2,3/9/20,145164.0,0.0,0.0,No,,0.0
583,Citrus,8,0.0,2,3/10/20,145164.0,0.0,0.0,No,,0.0
655,Citrus,9,0.0,2,3/11/20,145164.0,0.0,0.0,No,,0.0
727,Citrus,10,0.0,2,3/12/20,145164.0,0.0,0.0,No,,0.0
799,Citrus,11,0.0,2,3/13/20,145164.0,0.0,0.0,No,,0.0
871,Citrus,12,1.0,2,3/14/20,145164.0,0.6888760298696647,1.0,Yes,100.0,0.6888760298696647
943,Citrus,13,0.0,2,3/15/20,145164.0,0.0,-1.0,No,-0.0,0.6888760298696647
1015,Citrus,14,1.0,3,3/16/20,145164.0,0.6888760298696647,1.0,Yes,100.0,0.6888760298696647
1087,Citrus,15,1.0,3,3/17/20,145164.0,0.6888760298696647,0.0,Yes,inf,1.3777520597393293
1159,Citrus,16,0.0,3,3/18/20,145164.0,0.0,-1.0,No,-0.0,0.6888760298696647
1231,Citrus,17,2.0,3,3/19/20,145164.0,1.3777520597393293,2.0,Yes,100.0,1.3777520597393293
1303,Citrus,18,3.0,3,3/20/20,145164.0,2.0666280896089937,1.0,Yes,300.0,3.444380149348323
1375,Citrus,19,0.0,3,3/21/20,145164.0,0.0,-3.0,No,-0.0,2.0666280896089937
8,Clay,0,0.0,1,3/2/20,213565.0,0.0,0.0,No,,0.0
80,Clay,1,0.0,1,3/3/20,213565.0,0.0,0.0,No,,0.0
152,Clay,2,0.0,1,3/4/20,213565.0,0.0,0.0,No,,0.0
224,Clay,3,0.0,1,3/5/20,213565.0,0.0,0.0,No,,0.0
296,Clay,4,0.0,1,3/6/20,213565.0,0.0,0.0,No,,0.0
368,Clay,5,0.0,1,3/7/20,213565.0,0.0,0.0,No,,0.0
440,Clay,6,0.0,1,3/8/20,213565.0,0.0,0.0,No,,0.0
512,Clay,7,0.0,2,3/9/20,213565.0,0.0,0.0,No,,0.0
584,Clay,8,0.0,2,3/10/20,213565.0,0.0,0.0,No,,0.0
656,Clay,9,0.0,2,3/11/20,213565.0,0.0,0.0,No,,0.0
728,Clay,10,1.0,2,3/12/20,213565.0,0.4682415189754876,1.0,Yes,100.0,0.4682415189754876
800,Clay,11,2.0,2,3/13/20,213565.0,0.9364830379509752,1.0,Yes,200.0,1.4047245569264628
872,Clay,12,0.0,2,3/14/20,213565.0,0.0,-2.0,No,-0.0,0.9364830379509752
944,Clay,13,0.0,2,3/15/20,213565.0,0.0,0.0,No,,0.0
1016,Clay,14,1.0,3,3/16/20,213565.0,0.4682415189754876,1.0,Yes,100.0,0.4682415189754876
1088,Clay,15,0.0,3,3/17/20,213565.0,0.0,-1.0,No,-0.0,0.4682415189754876
1160,Clay,16,0.0,3,3/18/20,213565.0,0.0,0.0,No,,0.0
1232,Clay,17,1.0,3,3/19/20,213565.0,0.4682415189754876,1.0,Yes,100.0,0.4682415189754876
1304,Clay,18,1.0,3,3/20/20,213565.0,0.4682415189754876,0.0,Yes,inf,0.9364830379509752
1376,Clay,19,1.0,3,3/21/20,213565.0,0.4682415189754876,0.0,Yes,inf,0.9364830379509752
9,Collier,0,0.0,1,3/2/20,367471.0,0.0,0.0,No,,0.0
81,Collier,1,0.0,1,3/3/20,367471.0,0.0,0.0,No,,0.0
153,Collier,2,0.0,1,3/4/20,367471.0,0.0,0.0,No,,0.0
225,Collier,3,0.0,1,3/5/20,367471.0,0.0,0.0,No,,0.0
297,Collier,4,0.0,1,3/6/20,367471.0,0.0,0.0,No,,0.0
369,Collier,5,0.0,1,3/7/20,367471.0,0.0,0.0,No,,0.0
441,Collier,6,0.0,1,3/8/20,367471.0,0.0,0.0,No,,0.0
513,Collier,7,0.0,2,3/9/20,367471.0,0.0,0.0,No,,0.0
585,Collier,8,3.0,2,3/10/20,367471.0,0.8163909532997162,3.0,Yes,100.0,0.8163909532997162
657,Collier,9,0.0,2,3/11/20,367471.0,0.0,-3.0,No,-0.0,0.8163909532997162
729,Collier,10,0.0,2,3/12/20,367471.0,0.0,0.0,No,,0.0
801,Collier,11,1.0,2,3/13/20,367471.0,0.27213031776657204,1.0,Yes,100.0,0.27213031776657204
873,Collier,12,2.0,2,3/14/20,367471.0,0.5442606355331441,1.0,Yes,200.0,0.8163909532997161
945,Collier,13,1.0,2,3/15/20,367471.0,0.27213031776657204,-1.0,No,-100.0,0.8163909532997161
1017,Collier,14,1.0,3,3/16/20,367471.0,0.27213031776657204,0.0,Yes,inf,0.5442606355331441
1089,Collier,15,5.0,3,3/17/20,367471.0,1.3606515888328603,4.0,Yes,125.0,1.6327819065994325
1161,Collier,16,5.0,3,3/18/20,367471.0,1.3606515888328603,0.0,Yes,inf,2.7213031776657206
1233,Collier,17,9.0,3,3/19/20,367471.0,2.4491728598991487,4.0,Yes,225.0,3.8098244487320088
1305,Collier,18,1.0,3,3/20/20,367471.0,0.27213031776657204,-8.0,No,-12.5,2.7213031776657206
1377,Collier,19,5.0,3,3/21/20,367471.0,1.3606515888328603,4.0,Yes,125.0,1.6327819065994325
10,Columbia,0,0.0,1,3/2/20,69566.0,0.0,0.0,No,,0.0
82,Columbia,1,0.0,1,3/3/20,69566.0,0.0,0.0,No,,0.0
154,Columbia,2,0.0,1,3/4/20,69566.0,0.0,0.0,No,,0.0
226,Columbia,3,0.0,1,3/5/20,69566.0,0.0,0.0,No,,0.0
298,Columbia,4,0.0,1,3/6/20,69566.0,0.0,0.0,No,,0.0
370,Columbia,5,0.0,1,3/7/20,69566.0,0.0,0.0,No,,0.0
442,Columbia,6,0.0,1,3/8/20,69566.0,0.0,0.0,No,,0.0
514,Columbia,7,0.0,2,3/9/20,69566.0,0.0,0.0,No,,0.0
586,Columbia,8,0.0,2,3/10/20,69566.0,0.0,0.0,No,,0.0
658,Columbia,9,0.0,2,3/11/20,69566.0,0.0,0.0,No,,0.0
730,Columbia,10,0.0,2,3/12/20,69566.0,0.0,0.0,No,,0.0
802,Columbia,11,0.0,2,3/13/20,69566.0,0.0,0.0,No,,0.0
874,Columbia,12,0.0,2,3/14/20,69566.0,0.0,0.0,No,,0.0
946,Columbia,13,0.0,2,3/15/20,69566.0,0.0,0.0,No,,0.0
1018,Columbia,14,0.0,3,3/16/20,69566.0,0.0,0.0,No,,0.0
1090,Columbia,15,0.0,3,3/17/20,69566.0,0.0,0.0,No,,0.0
1162,Columbia,16,0.0,3,3/18/20,69566.0,0.0,0.0,No,,0.0
1234,Columbia,17,0.0,3,3/19/20,69566.0,0.0,0.0,No,,0.0
1306,Columbia,18,1.0,3,3/20/20,69566.0,1.4374838283069316,1.0,Yes,100.0,1.4374838283069316
1378,Columbia,19,1.0,3,3/21/20,69566.0,1.4374838283069316,0.0,Yes,inf,2.874967656613863
11,Dade,0,0.0,1,3/2/20,,,0.0,No,,0.0
83,Dade,1,0.0,1,3/3/20,,,0.0,No,,
155,Dade,2,1.0,1,3/4/20,,,1.0,Yes,100.0,
227,Dade,3,0.0,1,3/5/20,,,-1.0,No,-0.0,
299,Dade,4,0.0,1,3/6/20,,,0.0,No,,
371,Dade,5,0.0,1,3/7/20,,,0.0,No,,
443,Dade,6,0.0,1,3/8/20,,,0.0,No,,
515,Dade,7,0.0,2,3/9/20,,,0.0,No,,
587,Dade,8,0.0,2,3/10/20,,,0.0,No,,
659,Dade,9,1.0,2,3/11/20,,,1.0,Yes,100.0,
731,Dade,10,2.0,2,3/12/20,,,1.0,Yes,200.0,
803,Dade,11,10.0,2,3/13/20,,,8.0,Yes,125.0,
875,Dade,12,8.0,2,3/14/20,,,-2.0,No,-400.0,
947,Dade,13,7.0,2,3/15/20,,,-1.0,No,-700.0,
1019,Dade,14,26.0,3,3/16/20,,,19.0,Yes,136.8421052631579,
1091,Dade,15,24.0,3,3/17/20,,,-2.0,No,-1200.0,
1163,Dade,16,23.0,3,3/18/20,,,-1.0,No,-2300.0,
1235,Dade,17,23.0,3,3/19/20,,,0.0,Yes,inf,
1307,Dade,18,50.0,3,3/20/20,,,27.0,Yes,185.1851851851852,
1379,Dade,19,53.0,3,3/21/20,,,3.0,Yes,1766.6666666666667,
12,Desoto,0,0.0,1,3/2/20,35940.0,0.0,0.0,No,,0.0
84,Desoto,1,0.0,1,3/3/20,35940.0,0.0,0.0,No,,0.0
156,Desoto,2,0.0,1,3/4/20,35940.0,0.0,0.0,No,,0.0
228,Desoto,3,0.0,1,3/5/20,35940.0,0.0,0.0,No,,0.0
300,Desoto,4,0.0,1,3/6/20,35940.0,0.0,0.0,No,,0.0
372,Desoto,5,0.0,1,3/7/20,35940.0,0.0,0.0,No,,0.0
444,Desoto,6,0.0,1,3/8/20,35940.0,0.0,0.0,No,,0.0
516,Desoto,7,0.0,2,3/9/20,35940.0,0.0,0.0,No,,0.0
588,Desoto,8,0.0,2,3/10/20,35940.0,0.0,0.0,No,,0.0
660,Desoto,9,0.0,2,3/11/20,35940.0,0.0,0.0,No,,0.0
732,Desoto,10,0.0,2,3/12/20,35940.0,0.0,0.0,No,,0.0
804,Desoto,11,0.0,2,3/13/20,35940.0,0.0,0.0,No,,0.0
876,Desoto,12,0.0,2,3/14/20,35940.0,0.0,0.0,No,,0.0
948,Desoto,13,0.0,2,3/15/20,35940.0,0.0,0.0,No,,0.0
1020,Desoto,14,0.0,3,3/16/20,35940.0,0.0,0.0,No,,0.0
1092,Desoto,15,0.0,3,3/17/20,35940.0,0.0,0.0,No,,0.0
1164,Desoto,16,0.0,3,3/18/20,35940.0,0.0,0.0,No,,0.0
1236,Desoto,17,0.0,3,3/19/20,35940.0,0.0,0.0,No,,0.0
1308,Desoto,18,0.0,3,3/20/20,35940.0,0.0,0.0,No,,0.0
1380,Desoto,19,1.0,3,3/21/20,35940.0,2.7824151363383414,1.0,Yes,100.0,2.7824151363383414
49,Dixie,0,0.0,1,3/2/20,16767.0,0.0,0.0,No,,0.0
121,Dixie,1,0.0,1,3/3/20,16767.0,0.0,0.0,No,,0.0
193,Dixie,2,0.0,1,3/4/20,16767.0,0.0,0.0,No,,0.0
265,Dixie,3,0.0,1,3/5/20,16767.0,0.0,0.0,No,,0.0
337,Dixie,4,0.0,1,3/6/20,16767.0,0.0,0.0,No,,0.0
409,Dixie,5,0.0,1,3/7/20,16767.0,0.0,0.0,No,,0.0
481,Dixie,6,0.0,1,3/8/20,16767.0,0.0,0.0,No,,0.0
553,Dixie,7,0.0,2,3/9/20,16767.0,0.0,0.0,No,,0.0
625,Dixie,8,0.0,2,3/10/20,16767.0,0.0,0.0,No,,0.0
697,Dixie,9,0.0,2,3/11/20,16767.0,0.0,0.0,No,,0.0
769,Dixie,10,0.0,2,3/12/20,16767.0,0.0,0.0,No,,0.0
841,Dixie,11,0.0,2,3/13/20,16767.0,0.0,0.0,No,,0.0
913,Dixie,12,0.0,2,3/14/20,16767.0,0.0,0.0,No,,0.0
985,Dixie,13,0.0,2,3/15/20,16767.0,0.0,0.0,No,,0.0
1057,Dixie,14,0.0,3,3/16/20,16767.0,0.0,0.0,No,,0.0
1129,Dixie,15,0.0,3,3/17/20,16767.0,0.0,0.0,No,,0.0
1201,Dixie,16,0.0,3,3/18/20,16767.0,0.0,0.0,No,,0.0
1273,Dixie,17,0.0,3,3/19/20,16767.0,0.0,0.0,No,,0.0
1345,Dixie,18,0.0,3,3/20/20,16767.0,0.0,0.0,No,,0.0
1417,Dixie,19,0.0,3,3/21/20,16767.0,0.0,0.0,No,,0.0
13,Duval,0,0.0,1,3/2/20,954454.0,0.0,0.0,No,,0.0
85,Duval,1,0.0,1,3/3/20,954454.0,0.0,0.0,No,,0.0
157,Duval,2,0.0,1,3/4/20,954454.0,0.0,0.0,No,,0.0
229,Duval,3,0.0,1,3/5/20,954454.0,0.0,0.0,No,,0.0
301,Duval,4,0.0,1,3/6/20,954454.0,0.0,0.0,No,,0.0
373,Duval,5,0.0,1,3/7/20,954454.0,0.0,0.0,No,,0.0
445,Duval,6,0.0,1,3/8/20,954454.0,0.0,0.0,No,,0.0
517,Duval,7,0.0,2,3/9/20,954454.0,0.0,0.0,No,,0.0
589,Duval,8,0.0,2,3/10/20,954454.0,0.0,0.0,No,,0.0
661,Duval,9,0.0,2,3/11/20,954454.0,0.0,0.0,No,,0.0
733,Duval,10,1.0,2,3/12/20,954454.0,0.10477194291186376,1.0,Yes,100.0,0.10477194291186376
805,Duval,11,0.0,2,3/13/20,954454.0,0.0,-1.0,No,-0.0,0.10477194291186376
877,Duval,12,3.0,2,3/14/20,954454.0,0.3143158287355913,3.0,Yes,100.0,0.3143158287355913
949,Duval,13,1.0,2,3/15/20,954454.0,0.10477194291186376,-2.0,No,-50.0,0.41908777164745503
1021,Duval,14,5.0,3,3/16/20,954454.0,0.5238597145593188,4.0,Yes,125.0,0.6286316574711825
1093,Duval,15,4.0,3,3/17/20,954454.0,0.41908777164745503,-1.0,No,-400.0,0.9429474862067738
1165,Duval,16,1.0,3,3/18/20,954454.0,0.10477194291186376,-3.0,No,-33.33333333333333,0.5238597145593188
1237,Duval,17,4.0,3,3/19/20,954454.0,0.41908777164745503,3.0,Yes,133.33333333333331,0.5238597145593188
1309,Duval,18,15.0,3,3/20/20,954454.0,1.571579143677956,11.0,Yes,136.36363636363635,1.990666915325411
1381,Duval,19,5.0,3,3/21/20,954454.0,0.5238597145593188,-10.0,No,-50.0,2.0954388582372747
14,Escambia,0,0.0,1,3/2/20,317051.0,0.0,0.0,No,,0.0
86,Escambia,1,0.0,1,3/3/20,317051.0,0.0,0.0,No,,0.0
158,Escambia,2,0.0,1,3/4/20,317051.0,0.0,0.0,No,,0.0
230,Escambia,3,0.0,1,3/5/20,317051.0,0.0,0.0,No,,0.0
302,Escambia,4,0.0,1,3/6/20,317051.0,0.0,0.0,No,,0.0
374,Escambia,5,0.0,1,3/7/20,317051.0,0.0,0.0,No,,0.0
446,Escambia,6,0.0,1,3/8/20,317051.0,0.0,0.0,No,,0.0
518,Escambia,7,0.0,2,3/9/20,317051.0,0.0,0.0,No,,0.0
590,Escambia,8,0.0,2,3/10/20,317051.0,0.0,0.0,No,,0.0
662,Escambia,9,0.0,2,3/11/20,317051.0,0.0,0.0,No,,0.0
734,Escambia,10,0.0,2,3/12/20,317051.0,0.0,0.0,No,,0.0
806,Escambia,11,0.0,2,3/13/20,317051.0,0.0,0.0,No,,0.0
878,Escambia,12,0.0,2,3/14/20,317051.0,0.0,0.0,No,,0.0
950,Escambia,13,1.0,2,3/15/20,317051.0,0.31540666958943514,1.0,Yes,100.0,0.31540666958943514
1022,Escambia,14,0.0,3,3/16/20,317051.0,0.0,-1.0,No,-0.0,0.31540666958943514
1094,Escambia,15,0.0,3,3/17/20,317051.0,0.0,0.0,No,,0.0
1166,Escambia,16,0.0,3,3/18/20,317051.0,0.0,0.0,No,,0.0
1238,Escambia,17,0.0,3,3/19/20,317051.0,0.0,0.0,No,,0.0
1310,Escambia,18,0.0,3,3/20/20,317051.0,0.0,0.0,No,,0.0
1382,Escambia,19,3.0,3,3/21/20,317051.0,0.9462200087683054,3.0,Yes,100.0,0.9462200087683054
15,Flagler,0,0.0,1,3/2/20,108481.0,0.0,0.0,No,,0.0
87,Flagler,1,0.0,1,3/3/20,108481.0,0.0,0.0,No,,0.0
159,Flagler,2,0.0,1,3/4/20,108481.0,0.0,0.0,No,,0.0
231,Flagler,3,0.0,1,3/5/20,108481.0,0.0,0.0,No,,0.0
303,Flagler,4,0.0,1,3/6/20,108481.0,0.0,0.0,No,,0.0
375,Flagler,5,0.0,1,3/7/20,108481.0,0.0,0.0,No,,0.0
447,Flagler,6,0.0,1,3/8/20,108481.0,0.0,0.0,No,,0.0
519,Flagler,7,0.0,2,3/9/20,108481.0,0.0,0.0,No,,0.0
591,Flagler,8,0.0,2,3/10/20,108481.0,0.0,0.0,No,,0.0
663,Flagler,9,0.0,2,3/11/20,108481.0,0.0,0.0,No,,0.0
735,Flagler,10,0.0,2,3/12/20,108481.0,0.0,0.0,No,,0.0
807,Flagler,11,0.0,2,3/13/20,108481.0,0.0,0.0,No,,0.0
879,Flagler,12,0.0,2,3/14/20,108481.0,0.0,0.0,No,,0.0
951,Flagler,13,0.0,2,3/15/20,108481.0,0.0,0.0,No,,0.0
1023,Flagler,14,0.0,3,3/16/20,108481.0,0.0,0.0,No,,0.0
1095,Flagler,15,0.0,3,3/17/20,108481.0,0.0,0.0,No,,0.0
1167,Flagler,16,0.0,3,3/18/20,108481.0,0.0,0.0,No,,0.0
1239,Flagler,17,0.0,3,3/19/20,108481.0,0.0,0.0,No,,0.0
1311,Flagler,18,0.0,3,3/20/20,108481.0,0.0,0.0,No,,0.0
1383,Flagler,19,1.0,3,3/21/20,108481.0,0.9218204109475392,1.0,Yes,100.0,0.9218204109475392
71,Florida,0,2.0,1,3/2/20,2095705.0,0.09543327901589202,0.0,Yes,inf,0.0
143,Florida,1,2.0,1,3/3/20,2095705.0,0.09543327901589202,0.0,No,inf,0.19086655803178404
215,Florida,2,4.0,1,3/4/20,2095705.0,0.19086655803178404,2.0,Yes,200.0,0.28629983704767603
287,Florida,3,1.0,1,3/5/20,2095705.0,0.04771663950794601,-3.0,No,-33.33333333333333,0.23858319753973006
359,Florida,4,4.0,1,3/6/20,2095705.0,0.19086655803178404,3.0,Yes,133.33333333333331,0.23858319753973006
431,Florida,5,1.0,1,3/7/20,2095705.0,0.04771663950794601,-3.0,No,-33.33333333333333,0.23858319753973006
503,Florida,6,5.0,1,3/8/20,2095705.0,0.23858319753973006,4.0,Yes,125.0,0.2862998370476761
575,Florida,7,3.0,2,3/9/20,2095705.0,0.14314991852383804,-2.0,No,-150.0,0.3817331160635681
647,Florida,8,6.0,2,3/10/20,2095705.0,0.2862998370476761,3.0,Yes,200.0,0.4294497555715141
719,Florida,9,7.0,2,3/11/20,2095705.0,0.3340164765556221,1.0,Yes,700.0,0.6203163136032982
791,Florida,10,24.0,2,3/12/20,2095705.0,1.1451993481907043,17.0,Yes,141.1764705882353,1.4792158247463265
863,Florida,11,45.0,2,3/13/20,2095705.0,2.1472487778575706,21.0,Yes,214.28571428571428,3.292448126048275
935,Florida,12,33.0,2,3/14/20,2095705.0,1.5746491037622186,-12.0,No,-275.0,3.721897881619789
1007,Florida,13,32.0,2,3/15/20,2095705.0,1.5269324642542723,-1.0,No,-3200.0,3.101581568016491
1079,Florida,14,70.0,3,3/16/20,2095705.0,3.340164765556221,38.0,Yes,184.21052631578948,4.8670972298104935
1151,Florida,15,107.0,3,3/17/20,2095705.0,5.105680427350223,37.0,Yes,289.1891891891892,8.445845192906445
1223,Florida,16,88.0,3,3/18/20,2095705.0,4.199064276699249,-19.0,No,-463.15789473684214,9.304744704049472
1295,Florida,17,150.0,3,3/19/20,2095705.0,7.157495926191902,62.0,Yes,241.93548387096774,11.356560202891151
1367,Florida,18,218.0,3,3/20/20,2095705.0,10.40222741273223,68.0,Yes,320.5882352941177,17.559723338924133
1439,Florida,19,205.0,3,3/21/20,2095705.0,9.781911099128934,-13.0,No,-1576.923076923077,20.184138511861164
50,Franklin,0,0.0,1,3/2/20,12360.0,0.0,0.0,No,,0.0
122,Franklin,1,0.0,1,3/3/20,12360.0,0.0,0.0,No,,0.0
194,Franklin,2,0.0,1,3/4/20,12360.0,0.0,0.0,No,,0.0
266,Franklin,3,0.0,1,3/5/20,12360.0,0.0,0.0,No,,0.0
338,Franklin,4,0.0,1,3/6/20,12360.0,0.0,0.0,No,,0.0
410,Franklin,5,0.0,1,3/7/20,12360.0,0.0,0.0,No,,0.0
482,Franklin,6,0.0,1,3/8/20,12360.0,0.0,0.0,No,,0.0
554,Franklin,7,0.0,2,3/9/20,12360.0,0.0,0.0,No,,0.0
626,Franklin,8,0.0,2,3/10/20,12360.0,0.0,0.0,No,,0.0
698,Franklin,9,0.0,2,3/11/20,12360.0,0.0,0.0,No,,0.0
770,Franklin,10,0.0,2,3/12/20,12360.0,0.0,0.0,No,,0.0
842,Franklin,11,0.0,2,3/13/20,12360.0,0.0,0.0,No,,0.0
914,Franklin,12,0.0,2,3/14/20,12360.0,0.0,0.0,No,,0.0
986,Franklin,13,0.0,2,3/15/20,12360.0,0.0,0.0,No,,0.0
1058,Franklin,14,0.0,3,3/16/20,12360.0,0.0,0.0,No,,0.0
1130,Franklin,15,0.0,3,3/17/20,12360.0,0.0,0.0,No,,0.0
1202,Franklin,16,0.0,3,3/18/20,12360.0,0.0,0.0,No,,0.0
1274,Franklin,17,0.0,3,3/19/20,12360.0,0.0,0.0,No,,0.0
1346,Franklin,18,0.0,3,3/20/20,12360.0,0.0,0.0,No,,0.0
1418,Franklin,19,0.0,3,3/21/20,12360.0,0.0,0.0,No,,0.0
16,Gadsden,0,0.0,1,3/2/20,48173.0,0.0,0.0,No,,0.0
88,Gadsden,1,1.0,1,3/3/20,48173.0,2.075851618126336,1.0,No,100.0,2.075851618126336
160,Gadsden,2,0.0,1,3/4/20,48173.0,0.0,-1.0,No,-0.0,2.075851618126336
232,Gadsden,3,0.0,1,3/5/20,48173.0,0.0,0.0,No,,0.0
304,Gadsden,4,0.0,1,3/6/20,48173.0,0.0,0.0,No,,0.0
376,Gadsden,5,0.0,1,3/7/20,48173.0,0.0,0.0,No,,0.0
448,Gadsden,6,0.0,1,3/8/20,48173.0,0.0,0.0,No,,0.0
520,Gadsden,7,0.0,2,3/9/20,48173.0,0.0,0.0,No,,0.0
592,Gadsden,8,0.0,2,3/10/20,48173.0,0.0,0.0,No,,0.0
664,Gadsden,9,0.0,2,3/11/20,48173.0,0.0,0.0,No,,0.0
736,Gadsden,10,0.0,2,3/12/20,48173.0,0.0,0.0,No,,0.0
808,Gadsden,11,0.0,2,3/13/20,48173.0,0.0,0.0,No,,0.0
880,Gadsden,12,0.0,2,3/14/20,48173.0,0.0,0.0,No,,0.0
952,Gadsden,13,0.0,2,3/15/20,48173.0,0.0,0.0,No,,0.0
1024,Gadsden,14,0.0,3,3/16/20,48173.0,0.0,0.0,No,,0.0
1096,Gadsden,15,0.0,3,3/17/20,48173.0,0.0,0.0,No,,0.0
1168,Gadsden,16,0.0,3,3/18/20,48173.0,0.0,0.0,No,,0.0
1240,Gadsden,17,0.0,3,3/19/20,48173.0,0.0,0.0,No,,0.0
1312,Gadsden,18,0.0,3,3/20/20,48173.0,0.0,0.0,No,,0.0
1384,Gadsden,19,0.0,3,3/21/20,48173.0,0.0,0.0,No,,0.0
51,Gilchrist,0,0.0,1,3/2/20,17578.0,0.0,0.0,No,,0.0
123,Gilchrist,1,0.0,1,3/3/20,17578.0,0.0,0.0,No,,0.0
195,Gilchrist,2,0.0,1,3/4/20,17578.0,0.0,0.0,No,,0.0
267,Gilchrist,3,0.0,1,3/5/20,17578.0,0.0,0.0,No,,0.0
339,Gilchrist,4,0.0,1,3/6/20,17578.0,0.0,0.0,No,,0.0
411,Gilchrist,5,0.0,1,3/7/20,17578.0,0.0,0.0,No,,0.0
483,Gilchrist,6,0.0,1,3/8/20,17578.0,0.0,0.0,No,,0.0
555,Gilchrist,7,0.0,2,3/9/20,17578.0,0.0,0.0,No,,0.0
627,Gilchrist,8,0.0,2,3/10/20,17578.0,0.0,0.0,No,,0.0
699,Gilchrist,9,0.0,2,3/11/20,17578.0,0.0,0.0,No,,0.0
771,Gilchrist,10,0.0,2,3/12/20,17578.0,0.0,0.0,No,,0.0
843,Gilchrist,11,0.0,2,3/13/20,17578.0,0.0,0.0,No,,0.0
915,Gilchrist,12,0.0,2,3/14/20,17578.0,0.0,0.0,No,,0.0
987,Gilchrist,13,0.0,2,3/15/20,17578.0,0.0,0.0,No,,0.0
1059,Gilchrist,14,0.0,3,3/16/20,17578.0,0.0,0.0,No,,0.0
1131,Gilchrist,15,0.0,3,3/17/20,17578.0,0.0,0.0,No,,0.0
1203,Gilchrist,16,0.0,3,3/18/20,17578.0,0.0,0.0,No,,0.0
1275,Gilchrist,17,0.0,3,3/19/20,17578.0,0.0,0.0,No,,0.0
1347,Gilchrist,18,0.0,3,3/20/20,17578.0,0.0,0.0,No,,0.0
1419,Gilchrist,19,0.0,3,3/21/20,17578.0,0.0,0.0,No,,0.0
52,Glades,0,0.0,1,3/2/20,13193.0,0.0,0.0,No,,0.0
124,Glades,1,0.0,1,3/3/20,13193.0,0.0,0.0,No,,0.0
196,Glades,2,0.0,1,3/4/20,13193.0,0.0,0.0,No,,0.0
268,Glades,3,0.0,1,3/5/20,13193.0,0.0,0.0,No,,0.0
340,Glades,4,0.0,1,3/6/20,13193.0,0.0,0.0,No,,0.0
412,Glades,5,0.0,1,3/7/20,13193.0,0.0,0.0,No,,0.0
484,Glades,6,0.0,1,3/8/20,13193.0,0.0,0.0,No,,0.0
556,Glades,7,0.0,2,3/9/20,13193.0,0.0,0.0,No,,0.0
628,Glades,8,0.0,2,3/10/20,13193.0,0.0,0.0,No,,0.0
700,Glades,9,0.0,2,3/11/20,13193.0,0.0,0.0,No,,0.0
772,Glades,10,0.0,2,3/12/20,13193.0,0.0,0.0,No,,0.0
844,Glades,11,0.0,2,3/13/20,13193.0,0.0,0.0,No,,0.0
916,Glades,12,0.0,2,3/14/20,13193.0,0.0,0.0,No,,0.0
988,Glades,13,0.0,2,3/15/20,13193.0,0.0,0.0,No,,0.0
1060,Glades,14,0.0,3,3/16/20,13193.0,0.0,0.0,No,,0.0
1132,Glades,15,0.0,3,3/17/20,13193.0,0.0,0.0,No,,0.0
1204,Glades,16,0.0,3,3/18/20,13193.0,0.0,0.0,No,,0.0
1276,Glades,17,0.0,3,3/19/20,13193.0,0.0,0.0,No,,0.0
1348,Glades,18,0.0,3,3/20/20,13193.0,0.0,0.0,No,,0.0
1420,Glades,19,0.0,3,3/21/20,13193.0,0.0,0.0,No,,0.0
53,Gulf,0,0.0,1,3/2/20,16235.0,0.0,0.0,No,,0.0
125,Gulf,1,0.0,1,3/3/20,16235.0,0.0,0.0,No,,0.0
197,Gulf,2,0.0,1,3/4/20,16235.0,0.0,0.0,No,,0.0
269,Gulf,3,0.0,1,3/5/20,16235.0,0.0,0.0,No,,0.0
341,Gulf,4,0.0,1,3/6/20,16235.0,0.0,0.0,No,,0.0
413,Gulf,5,0.0,1,3/7/20,16235.0,0.0,0.0,No,,0.0
485,Gulf,6,0.0,1,3/8/20,16235.0,0.0,0.0,No,,0.0
557,Gulf,7,0.0,2,3/9/20,16235.0,0.0,0.0,No,,0.0
629,Gulf,8,0.0,2,3/10/20,16235.0,0.0,0.0,No,,0.0
701,Gulf,9,0.0,2,3/11/20,16235.0,0.0,0.0,No,,0.0
773,Gulf,10,0.0,2,3/12/20,16235.0,0.0,0.0,No,,0.0
845,Gulf,11,0.0,2,3/13/20,16235.0,0.0,0.0,No,,0.0
917,Gulf,12,0.0,2,3/14/20,16235.0,0.0,0.0,No,,0.0
989,Gulf,13,0.0,2,3/15/20,16235.0,0.0,0.0,No,,0.0
1061,Gulf,14,0.0,3,3/16/20,16235.0,0.0,0.0,No,,0.0
1133,Gulf,15,0.0,3,3/17/20,16235.0,0.0,0.0,No,,0.0
1205,Gulf,16,0.0,3,3/18/20,16235.0,0.0,0.0,No,,0.0
1277,Gulf,17,0.0,3,3/19/20,16235.0,0.0,0.0,No,,0.0
1349,Gulf,18,0.0,3,3/20/20,16235.0,0.0,0.0,No,,0.0
1421,Gulf,19,0.0,3,3/21/20,16235.0,0.0,0.0,No,,0.0
54,Hamilton,0,0.0,1,3/2/20,14706.0,0.0,0.0,No,,0.0
126,Hamilton,1,0.0,1,3/3/20,14706.0,0.0,0.0,No,,0.0
198,Hamilton,2,0.0,1,3/4/20,14706.0,0.0,0.0,No,,0.0
270,Hamilton,3,0.0,1,3/5/20,14706.0,0.0,0.0,No,,0.0
342,Hamilton,4,0.0,1,3/6/20,14706.0,0.0,0.0,No,,0.0
414,Hamilton,5,0.0,1,3/7/20,14706.0,0.0,0.0,No,,0.0
486,Hamilton,6,0.0,1,3/8/20,14706.0,0.0,0.0,No,,0.0
558,Hamilton,7,0.0,2,3/9/20,14706.0,0.0,0.0,No,,0.0
630,Hamilton,8,0.0,2,3/10/20,14706.0,0.0,0.0,No,,0.0
702,Hamilton,9,0.0,2,3/11/20,14706.0,0.0,0.0,No,,0.0
774,Hamilton,10,0.0,2,3/12/20,14706.0,0.0,0.0,No,,0.0
846,Hamilton,11,0.0,2,3/13/20,14706.0,0.0,0.0,No,,0.0
918,Hamilton,12,0.0,2,3/14/20,14706.0,0.0,0.0,No,,0.0
990,Hamilton,13,0.0,2,3/15/20,14706.0,0.0,0.0,No,,0.0
1062,Hamilton,14,0.0,3,3/16/20,14706.0,0.0,0.0,No,,0.0
1134,Hamilton,15,0.0,3,3/17/20,14706.0,0.0,0.0,No,,0.0
1206,Hamilton,16,0.0,3,3/18/20,14706.0,0.0,0.0,No,,0.0
1278,Hamilton,17,0.0,3,3/19/20,14706.0,0.0,0.0,No,,0.0
1350,Hamilton,18,0.0,3,3/20/20,14706.0,0.0,0.0,No,,0.0
1422,Hamilton,19,0.0,3,3/21/20,14706.0,0.0,0.0,No,,0.0
55,Hardee,0,0.0,1,3/2/20,27436.0,0.0,0.0,No,,0.0
127,Hardee,1,0.0,1,3/3/20,27436.0,0.0,0.0,No,,0.0
199,Hardee,2,0.0,1,3/4/20,27436.0,0.0,0.0,No,,0.0
271,Hardee,3,0.0,1,3/5/20,27436.0,0.0,0.0,No,,0.0
343,Hardee,4,0.0,1,3/6/20,27436.0,0.0,0.0,No,,0.0
415,Hardee,5,0.0,1,3/7/20,27436.0,0.0,0.0,No,,0.0
487,Hardee,6,0.0,1,3/8/20,27436.0,0.0,0.0,No,,0.0
559,Hardee,7,0.0,2,3/9/20,27436.0,0.0,0.0,No,,0.0
631,Hardee,8,0.0,2,3/10/20,27436.0,0.0,0.0,No,,0.0
703,Hardee,9,0.0,2,3/11/20,27436.0,0.0,0.0,No,,0.0
775,Hardee,10,0.0,2,3/12/20,27436.0,0.0,0.0,No,,0.0
847,Hardee,11,0.0,2,3/13/20,27436.0,0.0,0.0,No,,0.0
919,Hardee,12,0.0,2,3/14/20,27436.0,0.0,0.0,No,,0.0
991,Hardee,13,0.0,2,3/15/20,27436.0,0.0,0.0,No,,0.0
1063,Hardee,14,0.0,3,3/16/20,27436.0,0.0,0.0,No,,0.0
1135,Hardee,15,0.0,3,3/17/20,27436.0,0.0,0.0,No,,0.0
1207,Hardee,16,0.0,3,3/18/20,27436.0,0.0,0.0,No,,0.0
1279,Hardee,17,0.0,3,3/19/20,27436.0,0.0,0.0,No,,0.0
1351,Hardee,18,0.0,3,3/20/20,27436.0,0.0,0.0,No,,0.0
1423,Hardee,19,0.0,3,3/21/20,27436.0,0.0,0.0,No,,0.0
56,Hendry,0,0.0,1,3/2/20,39682.0,0.0,0.0,No,,0.0
128,Hendry,1,0.0,1,3/3/20,39682.0,0.0,0.0,No,,0.0
200,Hendry,2,0.0,1,3/4/20,39682.0,0.0,0.0,No,,0.0
272,Hendry,3,0.0,1,3/5/20,39682.0,0.0,0.0,No,,0.0
344,Hendry,4,0.0,1,3/6/20,39682.0,0.0,0.0,No,,0.0
416,Hendry,5,0.0,1,3/7/20,39682.0,0.0,0.0,No,,0.0
488,Hendry,6,0.0,1,3/8/20,39682.0,0.0,0.0,No,,0.0
560,Hendry,7,0.0,2,3/9/20,39682.0,0.0,0.0,No,,0.0
632,Hendry,8,0.0,2,3/10/20,39682.0,0.0,0.0,No,,0.0
704,Hendry,9,0.0,2,3/11/20,39682.0,0.0,0.0,No,,0.0
776,Hendry,10,0.0,2,3/12/20,39682.0,0.0,0.0,No,,0.0
848,Hendry,11,0.0,2,3/13/20,39682.0,0.0,0.0,No,,0.0
920,Hendry,12,0.0,2,3/14/20,39682.0,0.0,0.0,No,,0.0
992,Hendry,13,0.0,2,3/15/20,39682.0,0.0,0.0,No,,0.0
1064,Hendry,14,0.0,3,3/16/20,39682.0,0.0,0.0,No,,0.0
1136,Hendry,15,0.0,3,3/17/20,39682.0,0.0,0.0,No,,0.0
1208,Hendry,16,0.0,3,3/18/20,39682.0,0.0,0.0,No,,0.0
1280,Hendry,17,0.0,3,3/19/20,39682.0,0.0,0.0,No,,0.0
1352,Hendry,18,0.0,3,3/20/20,39682.0,0.0,0.0,No,,0.0
1424,Hendry,19,0.0,3,3/21/20,39682.0,0.0,0.0,No,,0.0
17,Hernando,0,0.0,1,3/2/20,185421.0,0.0,0.0,No,,0.0
89,Hernando,1,0.0,1,3/3/20,185421.0,0.0,0.0,No,,0.0
161,Hernando,2,0.0,1,3/4/20,185421.0,0.0,0.0,No,,0.0
233,Hernando,3,0.0,1,3/5/20,185421.0,0.0,0.0,No,,0.0
305,Hernando,4,0.0,1,3/6/20,185421.0,0.0,0.0,No,,0.0
377,Hernando,5,0.0,1,3/7/20,185421.0,0.0,0.0,No,,0.0
449,Hernando,6,0.0,1,3/8/20,185421.0,0.0,0.0,No,,0.0
521,Hernando,7,0.0,2,3/9/20,185421.0,0.0,0.0,No,,0.0
593,Hernando,8,0.0,2,3/10/20,185421.0,0.0,0.0,No,,0.0
665,Hernando,9,0.0,2,3/11/20,185421.0,0.0,0.0,No,,0.0
737,Hernando,10,0.0,2,3/12/20,185421.0,0.0,0.0,No,,0.0
809,Hernando,11,0.0,2,3/13/20,185421.0,0.0,0.0,No,,0.0
881,Hernando,12,0.0,2,3/14/20,185421.0,0.0,0.0,No,,0.0
953,Hernando,13,0.0,2,3/15/20,185421.0,0.0,0.0,No,,0.0
1025,Hernando,14,0.0,3,3/16/20,185421.0,0.0,0.0,No,,0.0
1097,Hernando,15,0.0,3,3/17/20,185421.0,0.0,0.0,No,,0.0
1169,Hernando,16,4.0,3,3/18/20,185421.0,2.157252954088264,4.0,Yes,100.0,2.157252954088264
1241,Hernando,17,0.0,3,3/19/20,185421.0,0.0,-4.0,No,-0.0,2.157252954088264
1313,Hernando,18,1.0,3,3/20/20,185421.0,0.539313238522066,1.0,Yes,100.0,0.539313238522066
1385,Hernando,19,0.0,3,3/21/20,185421.0,0.0,-1.0,No,-0.0,0.539313238522066
18,Highlands,0,0.0,1,3/2/20,103317.0,0.0,0.0,No,,0.0
90,Highlands,1,0.0,1,3/3/20,103317.0,0.0,0.0,No,,0.0
162,Highlands,2,0.0,1,3/4/20,103317.0,0.0,0.0,No,,0.0
234,Highlands,3,0.0,1,3/5/20,103317.0,0.0,0.0,No,,0.0
306,Highlands,4,0.0,1,3/6/20,103317.0,0.0,0.0,No,,0.0
378,Highlands,5,0.0,1,3/7/20,103317.0,0.0,0.0,No,,0.0
450,Highlands,6,0.0,1,3/8/20,103317.0,0.0,0.0,No,,0.0
522,Highlands,7,0.0,2,3/9/20,103317.0,0.0,0.0,No,,0.0
594,Highlands,8,0.0,2,3/10/20,103317.0,0.0,0.0,No,,0.0
666,Highlands,9,0.0,2,3/11/20,103317.0,0.0,0.0,No,,0.0
738,Highlands,10,0.0,2,3/12/20,103317.0,0.0,0.0,No,,0.0
810,Highlands,11,0.0,2,3/13/20,103317.0,0.0,0.0,No,,0.0
882,Highlands,12,0.0,2,3/14/20,103317.0,0.0,0.0,No,,0.0
954,Highlands,13,0.0,2,3/15/20,103317.0,0.0,0.0,No,,0.0
1026,Highlands,14,0.0,3,3/16/20,103317.0,0.0,0.0,No,,0.0
1098,Highlands,15,0.0,3,3/17/20,103317.0,0.0,0.0,No,,0.0
1170,Highlands,16,0.0,3,3/18/20,103317.0,0.0,0.0,No,,0.0
1242,Highlands,17,0.0,3,3/19/20,103317.0,0.0,0.0,No,,0.0
1314,Highlands,18,1.0,3,3/20/20,103317.0,0.9678949253269066,1.0,Yes,100.0,0.9678949253269066
1386,Highlands,19,0.0,3,3/21/20,103317.0,0.0,-1.0,No,-0.0,0.9678949253269066
19,Hillsborough,0,1.0,1,3/2/20,1419285.0,0.07045801230901474,0.0,Yes,inf,0.0
91,Hillsborough,1,1.0,1,3/3/20,1419285.0,0.07045801230901474,0.0,No,inf,0.1409160246180295
163,Hillsborough,2,0.0,1,3/4/20,1419285.0,0.0,-1.0,No,-0.0,0.07045801230901474
235,Hillsborough,3,0.0,1,3/5/20,1419285.0,0.0,0.0,No,,0.0
307,Hillsborough,4,0.0,1,3/6/20,1419285.0,0.0,0.0,No,,0.0
379,Hillsborough,5,0.0,1,3/7/20,1419285.0,0.0,0.0,No,,0.0
451,Hillsborough,6,0.0,1,3/8/20,1419285.0,0.0,0.0,No,,0.0
523,Hillsborough,7,0.0,2,3/9/20,1419285.0,0.0,0.0,No,,0.0
595,Hillsborough,8,0.0,2,3/10/20,1419285.0,0.0,0.0,No,,0.0
667,Hillsborough,9,0.0,2,3/11/20,1419285.0,0.0,0.0,No,,0.0
739,Hillsborough,10,1.0,2,3/12/20,1419285.0,0.07045801230901474,1.0,Yes,100.0,0.07045801230901474
811,Hillsborough,11,3.0,2,3/13/20,1419285.0,0.21137403692704423,2.0,Yes,150.0,0.281832049236059
883,Hillsborough,12,0.0,2,3/14/20,1419285.0,0.0,-3.0,No,-0.0,0.21137403692704423
955,Hillsborough,13,0.0,2,3/15/20,1419285.0,0.0,0.0,No,,0.0
1027,Hillsborough,14,6.0,3,3/16/20,1419285.0,0.42274807385408847,6.0,Yes,100.0,0.42274807385408847
1099,Hillsborough,15,2.0,3,3/17/20,1419285.0,0.1409160246180295,-4.0,No,-50.0,0.563664098472118
1171,Hillsborough,16,5.0,3,3/18/20,1419285.0,0.35229006154507375,3.0,Yes,166.66666666666669,0.49320608616310324
1243,Hillsborough,17,14.0,3,3/19/20,1419285.0,0.9864121723262066,9.0,Yes,155.55555555555557,1.3387022338712804
1315,Hillsborough,18,17.0,3,3/20/20,1419285.0,1.1977862092532507,3.0,Yes,566.6666666666667,2.1841983815794572
1387,Hillsborough,19,8.0,3,3/21/20,1419285.0,0.563664098472118,-9.0,No,-88.88888888888889,1.7614503077253687
57,Holmes,0,0.0,1,3/2/20,20404.0,0.0,0.0,No,,0.0
129,Holmes,1,0.0,1,3/3/20,20404.0,0.0,0.0,No,,0.0
201,Holmes,2,0.0,1,3/4/20,20404.0,0.0,0.0,No,,0.0
273,Holmes,3,0.0,1,3/5/20,20404.0,0.0,0.0,No,,0.0
345,Holmes,4,0.0,1,3/6/20,20404.0,0.0,0.0,No,,0.0
417,Holmes,5,0.0,1,3/7/20,20404.0,0.0,0.0,No,,0.0
489,Holmes,6,0.0,1,3/8/20,20404.0,0.0,0.0,No,,0.0
561,Holmes,7,0.0,2,3/9/20,20404.0,0.0,0.0,No,,0.0
633,Holmes,8,0.0,2,3/10/20,20404.0,0.0,0.0,No,,0.0
705,Holmes,9,0.0,2,3/11/20,20404.0,0.0,0.0,No,,0.0
777,Holmes,10,0.0,2,3/12/20,20404.0,0.0,0.0,No,,0.0
849,Holmes,11,0.0,2,3/13/20,20404.0,0.0,0.0,No,,0.0
921,Holmes,12,0.0,2,3/14/20,20404.0,0.0,0.0,No,,0.0
993,Holmes,13,0.0,2,3/15/20,20404.0,0.0,0.0,No,,0.0
1065,Holmes,14,0.0,3,3/16/20,20404.0,0.0,0.0,No,,0.0
1137,Holmes,15,0.0,3,3/17/20,20404.0,0.0,0.0,No,,0.0
1209,Holmes,16,0.0,3,3/18/20,20404.0,0.0,0.0,No,,0.0
1281,Holmes,17,0.0,3,3/19/20,20404.0,0.0,0.0,No,,0.0
1353,Holmes,18,0.0,3,3/20/20,20404.0,0.0,0.0,No,,0.0
1425,Holmes,19,0.0,3,3/21/20,20404.0,0.0,0.0,No,,0.0
20,Indian River,0,0.0,1,3/2/20,152079.0,0.0,0.0,No,,0.0
92,Indian River,1,0.0,1,3/3/20,152079.0,0.0,0.0,No,,0.0
164,Indian River,2,0.0,1,3/4/20,152079.0,0.0,0.0,No,,0.0
236,Indian River,3,0.0,1,3/5/20,152079.0,0.0,0.0,No,,0.0
308,Indian River,4,0.0,1,3/6/20,152079.0,0.0,0.0,No,,0.0
380,Indian River,5,0.0,1,3/7/20,152079.0,0.0,0.0,No,,0.0
452,Indian River,6,0.0,1,3/8/20,152079.0,0.0,0.0,No,,0.0
524,Indian River,7,0.0,2,3/9/20,152079.0,0.0,0.0,No,,0.0
596,Indian River,8,0.0,2,3/10/20,152079.0,0.0,0.0,No,,0.0
668,Indian River,9,0.0,2,3/11/20,152079.0,0.0,0.0,No,,0.0
740,Indian River,10,0.0,2,3/12/20,152079.0,0.0,0.0,No,,0.0
812,Indian River,11,0.0,2,3/13/20,152079.0,0.0,0.0,No,,0.0
884,Indian River,12,0.0,2,3/14/20,152079.0,0.0,0.0,No,,0.0
956,Indian River,13,0.0,2,3/15/20,152079.0,0.0,0.0,No,,0.0
1028,Indian River,14,0.0,3,3/16/20,152079.0,0.0,0.0,No,,0.0
1100,Indian River,15,0.0,3,3/17/20,152079.0,0.0,0.0,No,,0.0
1172,Indian River,16,1.0,3,3/18/20,152079.0,0.6575529823315514,1.0,Yes,100.0,0.6575529823315514
1244,Indian River,17,2.0,3,3/19/20,152079.0,1.3151059646631027,1.0,Yes,200.0,1.972658946994654
1316,Indian River,18,3.0,3,3/20/20,152079.0,1.9726589469946543,1.0,Yes,300.0,3.287764911657757
1388,Indian River,19,2.0,3,3/21/20,152079.0,1.3151059646631027,-1.0,No,-200.0,3.287764911657757
21,Jackson,0,0.0,1,3/2/20,50689.0,0.0,0.0,No,,0.0
93,Jackson,1,0.0,1,3/3/20,50689.0,0.0,0.0,No,,0.0
165,Jackson,2,0.0,1,3/4/20,50689.0,0.0,0.0,No,,0.0
237,Jackson,3,0.0,1,3/5/20,50689.0,0.0,0.0,No,,0.0
309,Jackson,4,0.0,1,3/6/20,50689.0,0.0,0.0,No,,0.0
381,Jackson,5,0.0,1,3/7/20,50689.0,0.0,0.0,No,,0.0
453,Jackson,6,0.0,1,3/8/20,50689.0,0.0,0.0,No,,0.0
525,Jackson,7,0.0,2,3/9/20,50689.0,0.0,0.0,No,,0.0
597,Jackson,8,0.0,2,3/10/20,50689.0,0.0,0.0,No,,0.0
669,Jackson,9,0.0,2,3/11/20,50689.0,0.0,0.0,No,,0.0
741,Jackson,10,0.0,2,3/12/20,50689.0,0.0,0.0,No,,0.0
813,Jackson,11,0.0,2,3/13/20,50689.0,0.0,0.0,No,,0.0
885,Jackson,12,0.0,2,3/14/20,50689.0,0.0,0.0,No,,0.0
957,Jackson,13,0.0,2,3/15/20,50689.0,0.0,0.0,No,,0.0
1029,Jackson,14,0.0,3,3/16/20,50689.0,0.0,0.0,No,,0.0
1101,Jackson,15,0.0,3,3/17/20,50689.0,0.0,0.0,No,,0.0
1173,Jackson,16,1.0,3,3/18/20,50689.0,1.972814614610665,1.0,Yes,100.0,1.972814614610665
1245,Jackson,17,0.0,3,3/19/20,50689.0,0.0,-1.0,No,-0.0,1.972814614610665
1317,Jackson,18,0.0,3,3/20/20,50689.0,0.0,0.0,No,,0.0
1389,Jackson,19,0.0,3,3/21/20,50689.0,0.0,0.0,No,,0.0
58,Jefferson,0,0.0,1,3/2/20,14725.0,0.0,0.0,No,,0.0
130,Jefferson,1,0.0,1,3/3/20,14725.0,0.0,0.0,No,,0.0
202,Jefferson,2,0.0,1,3/4/20,14725.0,0.0,0.0,No,,0.0
274,Jefferson,3,0.0,1,3/5/20,14725.0,0.0,0.0,No,,0.0
346,Jefferson,4,0.0,1,3/6/20,14725.0,0.0,0.0,No,,0.0
418,Jefferson,5,0.0,1,3/7/20,14725.0,0.0,0.0,No,,0.0
490,Jefferson,6,0.0,1,3/8/20,14725.0,0.0,0.0,No,,0.0
562,Jefferson,7,0.0,2,3/9/20,14725.0,0.0,0.0,No,,0.0
634,Jefferson,8,0.0,2,3/10/20,14725.0,0.0,0.0,No,,0.0
706,Jefferson,9,0.0,2,3/11/20,14725.0,0.0,0.0,No,,0.0
778,Jefferson,10,0.0,2,3/12/20,14725.0,0.0,0.0,No,,0.0
850,Jefferson,11,0.0,2,3/13/20,14725.0,0.0,0.0,No,,0.0
922,Jefferson,12,0.0,2,3/14/20,14725.0,0.0,0.0,No,,0.0
994,Jefferson,13,0.0,2,3/15/20,14725.0,0.0,0.0,No,,0.0
1066,Jefferson,14,0.0,3,3/16/20,14725.0,0.0,0.0,No,,0.0
1138,Jefferson,15,0.0,3,3/17/20,14725.0,0.0,0.0,No,,0.0
1210,Jefferson,16,0.0,3,3/18/20,14725.0,0.0,0.0,No,,0.0
1282,Jefferson,17,0.0,3,3/19/20,14725.0,0.0,0.0,No,,0.0
1354,Jefferson,18,0.0,3,3/20/20,14725.0,0.0,0.0,No,,0.0
1426,Jefferson,19,0.0,3,3/21/20,14725.0,0.0,0.0,No,,0.0
59,Lafayette,0,0.0,1,3/2/20,8367.0,0.0,0.0,No,,0.0
131,Lafayette,1,0.0,1,3/3/20,8367.0,0.0,0.0,No,,0.0
203,Lafayette,2,0.0,1,3/4/20,8367.0,0.0,0.0,No,,0.0
275,Lafayette,3,0.0,1,3/5/20,8367.0,0.0,0.0,No,,0.0
347,Lafayette,4,0.0,1,3/6/20,8367.0,0.0,0.0,No,,0.0
419,Lafayette,5,0.0,1,3/7/20,8367.0,0.0,0.0,No,,0.0
491,Lafayette,6,0.0,1,3/8/20,8367.0,0.0,0.0,No,,0.0
563,Lafayette,7,0.0,2,3/9/20,8367.0,0.0,0.0,No,,0.0
635,Lafayette,8,0.0,2,3/10/20,8367.0,0.0,0.0,No,,0.0
707,Lafayette,9,0.0,2,3/11/20,8367.0,0.0,0.0,No,,0.0
779,Lafayette,10,0.0,2,3/12/20,8367.0,0.0,0.0,No,,0.0
851,Lafayette,11,0.0,2,3/13/20,8367.0,0.0,0.0,No,,0.0
923,Lafayette,12,0.0,2,3/14/20,8367.0,0.0,0.0,No,,0.0
995,Lafayette,13,0.0,2,3/15/20,8367.0,0.0,0.0,No,,0.0
1067,Lafayette,14,0.0,3,3/16/20,8367.0,0.0,0.0,No,,0.0
1139,Lafayette,15,0.0,3,3/17/20,8367.0,0.0,0.0,No,,0.0
1211,Lafayette,16,0.0,3,3/18/20,8367.0,0.0,0.0,No,,0.0
1283,Lafayette,17,0.0,3,3/19/20,8367.0,0.0,0.0,No,,0.0
1355,Lafayette,18,0.0,3,3/20/20,8367.0,0.0,0.0,No,,0.0
1427,Lafayette,19,0.0,3,3/21/20,8367.0,0.0,0.0,No,,0.0
22,Lake,0,0.0,1,3/2/20,342356.0,0.0,0.0,No,,0.0
94,Lake,1,0.0,1,3/3/20,342356.0,0.0,0.0,No,,0.0
166,Lake,2,0.0,1,3/4/20,342356.0,0.0,0.0,No,,0.0
238,Lake,3,0.0,1,3/5/20,342356.0,0.0,0.0,No,,0.0
310,Lake,4,0.0,1,3/6/20,342356.0,0.0,0.0,No,,0.0
382,Lake,5,0.0,1,3/7/20,342356.0,0.0,0.0,No,,0.0
454,Lake,6,0.0,1,3/8/20,342356.0,0.0,0.0,No,,0.0
526,Lake,7,0.0,2,3/9/20,342356.0,0.0,0.0,No,,0.0
598,Lake,8,0.0,2,3/10/20,342356.0,0.0,0.0,No,,0.0
670,Lake,9,0.0,2,3/11/20,342356.0,0.0,0.0,No,,0.0
742,Lake,10,1.0,2,3/12/20,342356.0,0.29209361016018415,1.0,Yes,100.0,0.29209361016018415
814,Lake,11,0.0,2,3/13/20,342356.0,0.0,-1.0,No,-0.0,0.29209361016018415
886,Lake,12,0.0,2,3/14/20,342356.0,0.0,0.0,No,,0.0
958,Lake,13,0.0,2,3/15/20,342356.0,0.0,0.0,No,,0.0
1030,Lake,14,1.0,3,3/16/20,342356.0,0.29209361016018415,1.0,Yes,100.0,0.29209361016018415
1102,Lake,15,0.0,3,3/17/20,342356.0,0.0,-1.0,No,-0.0,0.29209361016018415
1174,Lake,16,1.0,3,3/18/20,342356.0,0.29209361016018415,1.0,Yes,100.0,0.29209361016018415
1246,Lake,17,0.0,3,3/19/20,342356.0,0.0,-1.0,No,-0.0,0.29209361016018415
1318,Lake,18,2.0,3,3/20/20,342356.0,0.5841872203203683,2.0,Yes,100.0,0.5841872203203683
1390,Lake,19,1.0,3,3/21/20,342356.0,0.29209361016018415,-1.0,No,-100.0,0.8762808304805525
23,Lee,0,0.0,1,3/2/20,721053.0,0.0,0.0,No,,0.0
95,Lee,1,0.0,1,3/3/20,721053.0,0.0,0.0,No,,0.0
167,Lee,2,0.0,1,3/4/20,721053.0,0.0,0.0,No,,0.0
239,Lee,3,0.0,1,3/5/20,721053.0,0.0,0.0,No,,0.0
311,Lee,4,2.0,1,3/6/20,721053.0,0.27737212105074105,2.0,Yes,100.0,0.27737212105074105
383,Lee,5,0.0,1,3/7/20,721053.0,0.0,-2.0,No,-0.0,0.27737212105074105
455,Lee,6,0.0,1,3/8/20,721053.0,0.0,0.0,No,,0.0
527,Lee,7,0.0,2,3/9/20,721053.0,0.0,0.0,No,,0.0
599,Lee,8,0.0,2,3/10/20,721053.0,0.0,0.0,No,,0.0
671,Lee,9,1.0,2,3/11/20,721053.0,0.13868606052537052,1.0,Yes,100.0,0.13868606052537052
743,Lee,10,1.0,2,3/12/20,721053.0,0.13868606052537052,0.0,Yes,inf,0.27737212105074105
815,Lee,11,1.0,2,3/13/20,721053.0,0.13868606052537052,0.0,Yes,inf,0.27737212105074105
887,Lee,12,1.0,2,3/14/20,721053.0,0.13868606052537052,0.0,Yes,inf,0.27737212105074105
959,Lee,13,1.0,2,3/15/20,721053.0,0.13868606052537052,0.0,Yes,inf,0.27737212105074105
1031,Lee,14,2.0,3,3/16/20,721053.0,0.27737212105074105,1.0,Yes,200.0,0.4160581815761116
1103,Lee,15,2.0,3,3/17/20,721053.0,0.27737212105074105,0.0,Yes,inf,0.5547442421014821
1175,Lee,16,2.0,3,3/18/20,721053.0,0.27737212105074105,0.0,Yes,inf,0.5547442421014821
1247,Lee,17,1.0,3,3/19/20,721053.0,0.13868606052537052,-1.0,No,-100.0,0.4160581815761116
1319,Lee,18,4.0,3,3/20/20,721053.0,0.5547442421014821,3.0,Yes,133.33333333333331,0.6934303026268527
1391,Lee,19,8.0,3,3/21/20,721053.0,1.1094884842029642,4.0,Yes,200.0,1.6642327263044463
24,Leon,0,0.0,1,3/2/20,290223.0,0.0,0.0,No,,0.0
96,Leon,1,0.0,1,3/3/20,290223.0,0.0,0.0,No,,0.0
168,Leon,2,1.0,1,3/4/20,290223.0,0.3445626294263377,1.0,Yes,100.0,0.3445626294263377
240,Leon,3,0.0,1,3/5/20,290223.0,0.0,-1.0,No,-0.0,0.3445626294263377
312,Leon,4,0.0,1,3/6/20,290223.0,0.0,0.0,No,,0.0
384,Leon,5,0.0,1,3/7/20,290223.0,0.0,0.0,No,,0.0
456,Leon,6,0.0,1,3/8/20,290223.0,0.0,0.0,No,,0.0
528,Leon,7,0.0,2,3/9/20,290223.0,0.0,0.0,No,,0.0
600,Leon,8,0.0,2,3/10/20,290223.0,0.0,0.0,No,,0.0
672,Leon,9,0.0,2,3/11/20,290223.0,0.0,0.0,No,,0.0
744,Leon,10,0.0,2,3/12/20,290223.0,0.0,0.0,No,,0.0
816,Leon,11,0.0,2,3/13/20,290223.0,0.0,0.0,No,,0.0
888,Leon,12,0.0,2,3/14/20,290223.0,0.0,0.0,No,,0.0
960,Leon,13,0.0,2,3/15/20,290223.0,0.0,0.0,No,,0.0
1032,Leon,14,0.0,3,3/16/20,290223.0,0.0,0.0,No,,0.0
1104,Leon,15,3.0,3,3/17/20,290223.0,1.033687888279013,3.0,Yes,100.0,1.033687888279013
1176,Leon,16,0.0,3,3/18/20,290223.0,0.0,-3.0,No,-0.0,1.033687888279013
1248,Leon,17,0.0,3,3/19/20,290223.0,0.0,0.0,No,,0.0
1320,Leon,18,0.0,3,3/20/20,290223.0,0.0,0.0,No,,0.0
1392,Leon,19,1.0,3,3/21/20,290223.0,0.3445626294263377,1.0,Yes,100.0,0.3445626294263377
60,Levy,0,0.0,1,3/2/20,41550.0,0.0,0.0,No,,0.0
132,Levy,1,0.0,1,3/3/20,41550.0,0.0,0.0,No,,0.0
204,Levy,2,0.0,1,3/4/20,41550.0,0.0,0.0,No,,0.0
276,Levy,3,0.0,1,3/5/20,41550.0,0.0,0.0,No,,0.0
348,Levy,4,0.0,1,3/6/20,41550.0,0.0,0.0,No,,0.0
420,Levy,5,0.0,1,3/7/20,41550.0,0.0,0.0,No,,0.0
492,Levy,6,0.0,1,3/8/20,41550.0,0.0,0.0,No,,0.0
564,Levy,7,0.0,2,3/9/20,41550.0,0.0,0.0,No,,0.0
636,Levy,8,0.0,2,3/10/20,41550.0,0.0,0.0,No,,0.0
708,Levy,9,0.0,2,3/11/20,41550.0,0.0,0.0,No,,0.0
780,Levy,10,0.0,2,3/12/20,41550.0,0.0,0.0,No,,0.0
852,Levy,11,0.0,2,3/13/20,41550.0,0.0,0.0,No,,0.0
924,Levy,12,0.0,2,3/14/20,41550.0,0.0,0.0,No,,0.0
996,Levy,13,0.0,2,3/15/20,41550.0,0.0,0.0,No,,0.0
1068,Levy,14,0.0,3,3/16/20,41550.0,0.0,0.0,No,,0.0
1140,Levy,15,0.0,3,3/17/20,41550.0,0.0,0.0,No,,0.0
1212,Levy,16,0.0,3,3/18/20,41550.0,0.0,0.0,No,,0.0
1284,Levy,17,0.0,3,3/19/20,41550.0,0.0,0.0,No,,0.0
1356,Levy,18,0.0,3,3/20/20,41550.0,0.0,0.0,No,,0.0
1428,Levy,19,0.0,3,3/21/20,41550.0,0.0,0.0,No,,0.0
61,Liberty,0,0.0,1,3/2/20,8781.0,0.0,0.0,No,,0.0
133,Liberty,1,0.0,1,3/3/20,8781.0,0.0,0.0,No,,0.0
205,Liberty,2,0.0,1,3/4/20,8781.0,0.0,0.0,No,,0.0
277,Liberty,3,0.0,1,3/5/20,8781.0,0.0,0.0,No,,0.0
349,Liberty,4,0.0,1,3/6/20,8781.0,0.0,0.0,No,,0.0
421,Liberty,5,0.0,1,3/7/20,8781.0,0.0,0.0,No,,0.0
493,Liberty,6,0.0,1,3/8/20,8781.0,0.0,0.0,No,,0.0
565,Liberty,7,0.0,2,3/9/20,8781.0,0.0,0.0,No,,0.0
637,Liberty,8,0.0,2,3/10/20,8781.0,0.0,0.0,No,,0.0
709,Liberty,9,0.0,2,3/11/20,8781.0,0.0,0.0,No,,0.0
781,Liberty,10,0.0,2,3/12/20,8781.0,0.0,0.0,No,,0.0
853,Liberty,11,0.0,2,3/13/20,8781.0,0.0,0.0,No,,0.0
925,Liberty,12,0.0,2,3/14/20,8781.0,0.0,0.0,No,,0.0
997,Liberty,13,0.0,2,3/15/20,8781.0,0.0,0.0,No,,0.0
1069,Liberty,14,0.0,3,3/16/20,8781.0,0.0,0.0,No,,0.0
1141,Liberty,15,0.0,3,3/17/20,8781.0,0.0,0.0,No,,0.0
1213,Liberty,16,0.0,3,3/18/20,8781.0,0.0,0.0,No,,0.0
1285,Liberty,17,0.0,3,3/19/20,8781.0,0.0,0.0,No,,0.0
1357,Liberty,18,0.0,3,3/20/20,8781.0,0.0,0.0,No,,0.0
1429,Liberty,19,0.0,3,3/21/20,8781.0,0.0,0.0,No,,0.0
62,Madison,0,0.0,1,3/2/20,19420.0,0.0,0.0,No,,0.0
134,Madison,1,0.0,1,3/3/20,19420.0,0.0,0.0,No,,0.0
206,Madison,2,0.0,1,3/4/20,19420.0,0.0,0.0,No,,0.0
278,Madison,3,0.0,1,3/5/20,19420.0,0.0,0.0,No,,0.0
350,Madison,4,0.0,1,3/6/20,19420.0,0.0,0.0,No,,0.0
422,Madison,5,0.0,1,3/7/20,19420.0,0.0,0.0,No,,0.0
494,Madison,6,0.0,1,3/8/20,19420.0,0.0,0.0,No,,0.0
566,Madison,7,0.0,2,3/9/20,19420.0,0.0,0.0,No,,0.0
638,Madison,8,0.0,2,3/10/20,19420.0,0.0,0.0,No,,0.0
710,Madison,9,0.0,2,3/11/20,19420.0,0.0,0.0,No,,0.0
782,Madison,10,0.0,2,3/12/20,19420.0,0.0,0.0,No,,0.0
854,Madison,11,0.0,2,3/13/20,19420.0,0.0,0.0,No,,0.0
926,Madison,12,0.0,2,3/14/20,19420.0,0.0,0.0,No,,0.0
998,Madison,13,0.0,2,3/15/20,19420.0,0.0,0.0,No,,0.0
1070,Madison,14,0.0,3,3/16/20,19420.0,0.0,0.0,No,,0.0
1142,Madison,15,0.0,3,3/17/20,19420.0,0.0,0.0,No,,0.0
1214,Madison,16,0.0,3,3/18/20,19420.0,0.0,0.0,No,,0.0
1286,Madison,17,0.0,3,3/19/20,19420.0,0.0,0.0,No,,0.0
1358,Madison,18,0.0,3,3/20/20,19420.0,0.0,0.0,No,,0.0
1430,Madison,19,0.0,3,3/21/20,19420.0,0.0,0.0,No,,0.0
25,Manatee,0,1.0,1,3/2/20,381071.0,0.2624182895051053,0.0,Yes,inf,0.0
97,Manatee,1,0.0,1,3/3/20,381071.0,0.0,-1.0,No,-0.0,0.2624182895051053
169,Manatee,2,0.0,1,3/4/20,381071.0,0.0,0.0,No,,0.0
241,Manatee,3,0.0,1,3/5/20,381071.0,0.0,0.0,No,,0.0
313,Manatee,4,0.0,1,3/6/20,381071.0,0.0,0.0,No,,0.0
385,Manatee,5,0.0,1,3/7/20,381071.0,0.0,0.0,No,,0.0
457,Manatee,6,1.0,1,3/8/20,381071.0,0.2624182895051053,1.0,Yes,100.0,0.2624182895051053
529,Manatee,7,0.0,2,3/9/20,381071.0,0.0,-1.0,No,-0.0,0.2624182895051053
601,Manatee,8,0.0,2,3/10/20,381071.0,0.0,0.0,No,,0.0
673,Manatee,9,0.0,2,3/11/20,381071.0,0.0,0.0,No,,0.0
745,Manatee,10,0.0,2,3/12/20,381071.0,0.0,0.0,No,,0.0
817,Manatee,11,2.0,2,3/13/20,381071.0,0.5248365790102106,2.0,Yes,100.0,0.5248365790102106
889,Manatee,12,0.0,2,3/14/20,381071.0,0.0,-2.0,No,-0.0,0.5248365790102106
961,Manatee,13,1.0,2,3/15/20,381071.0,0.2624182895051053,1.0,Yes,100.0,0.2624182895051053
1033,Manatee,14,2.0,3,3/16/20,381071.0,0.5248365790102106,1.0,Yes,200.0,0.787254868515316
1105,Manatee,15,1.0,3,3/17/20,381071.0,0.2624182895051053,-1.0,No,-100.0,0.787254868515316
1177,Manatee,16,1.0,3,3/18/20,381071.0,0.2624182895051053,0.0,Yes,inf,0.5248365790102106
1249,Manatee,17,1.0,3,3/19/20,381071.0,0.2624182895051053,0.0,Yes,inf,0.5248365790102106
1321,Manatee,18,3.0,3,3/20/20,381071.0,0.7872548685153161,2.0,Yes,150.0,1.0496731580204215
1393,Manatee,19,0.0,3,3/21/20,381071.0,0.0,-3.0,No,-0.0,0.7872548685153161
26,Marion,0,0.0,1,3/2/20,355325.0,0.0,0.0,No,,0.0
98,Marion,1,0.0,1,3/3/20,355325.0,0.0,0.0,No,,0.0
170,Marion,2,0.0,1,3/4/20,355325.0,0.0,0.0,No,,0.0
242,Marion,3,0.0,1,3/5/20,355325.0,0.0,0.0,No,,0.0
314,Marion,4,0.0,1,3/6/20,355325.0,0.0,0.0,No,,0.0
386,Marion,5,0.0,1,3/7/20,355325.0,0.0,0.0,No,,0.0
458,Marion,6,0.0,1,3/8/20,355325.0,0.0,0.0,No,,0.0
530,Marion,7,0.0,2,3/9/20,355325.0,0.0,0.0,No,,0.0
602,Marion,8,0.0,2,3/10/20,355325.0,0.0,0.0,No,,0.0
674,Marion,9,0.0,2,3/11/20,355325.0,0.0,0.0,No,,0.0
746,Marion,10,0.0,2,3/12/20,355325.0,0.0,0.0,No,,0.0
818,Marion,11,0.0,2,3/13/20,355325.0,0.0,0.0,No,,0.0
890,Marion,12,0.0,2,3/14/20,355325.0,0.0,0.0,No,,0.0
962,Marion,13,0.0,2,3/15/20,355325.0,0.0,0.0,No,,0.0
1034,Marion,14,0.0,3,3/16/20,355325.0,0.0,0.0,No,,0.0
1106,Marion,15,0.0,3,3/17/20,355325.0,0.0,0.0,No,,0.0
1178,Marion,16,0.0,3,3/18/20,355325.0,0.0,0.0,No,,0.0
1250,Marion,17,0.0,3,3/19/20,355325.0,0.0,0.0,No,,0.0
1322,Marion,18,2.0,3,3/20/20,355325.0,0.5628649827622599,2.0,Yes,100.0,0.5628649827622599
1394,Marion,19,1.0,3,3/21/20,355325.0,0.28143249138112997,-1.0,No,-100.0,0.84429747414339
27,Martin,0,0.0,1,3/2/20,155705.0,0.0,0.0,No,,0.0
99,Martin,1,0.0,1,3/3/20,155705.0,0.0,0.0,No,,0.0
171,Martin,2,0.0,1,3/4/20,155705.0,0.0,0.0,No,,0.0
243,Martin,3,0.0,1,3/5/20,155705.0,0.0,0.0,No,,0.0
315,Martin,4,0.0,1,3/6/20,155705.0,0.0,0.0,No,,0.0
387,Martin,5,0.0,1,3/7/20,155705.0,0.0,0.0,No,,0.0
459,Martin,6,0.0,1,3/8/20,155705.0,0.0,0.0,No,,0.0
531,Martin,7,0.0,2,3/9/20,155705.0,0.0,0.0,No,,0.0
603,Martin,8,0.0,2,3/10/20,155705.0,0.0,0.0,No,,0.0
675,Martin,9,0.0,2,3/11/20,155705.0,0.0,0.0,No,,0.0
747,Martin,10,0.0,2,3/12/20,155705.0,0.0,0.0,No,,0.0
819,Martin,11,0.0,2,3/13/20,155705.0,0.0,0.0,No,,0.0
891,Martin,12,0.0,2,3/14/20,155705.0,0.0,0.0,No,,0.0
963,Martin,13,0.0,2,3/15/20,155705.0,0.0,0.0,No,,0.0
1035,Martin,14,0.0,3,3/16/20,155705.0,0.0,0.0,No,,0.0
1107,Martin,15,0.0,3,3/17/20,155705.0,0.0,0.0,No,,0.0
1179,Martin,16,1.0,3,3/18/20,155705.0,0.6422401335859478,1.0,Yes,100.0,0.6422401335859478
1251,Martin,17,0.0,3,3/19/20,155705.0,0.0,-1.0,No,-0.0,0.6422401335859478
1323,Martin,18,0.0,3,3/20/20,155705.0,0.0,0.0,No,,0.0
1395,Martin,19,1.0,3,3/21/20,155705.0,0.6422401335859478,1.0,Yes,100.0,0.6422401335859478
48,Miami-Dade,0,0.0,1,3/2/20,2804160.0,0.0,0.0,No,,0.0
120,Miami-Dade,1,0.0,1,3/3/20,2804160.0,0.0,0.0,No,,0.0
192,Miami-Dade,2,0.0,1,3/4/20,2804160.0,0.0,0.0,No,,0.0
264,Miami-Dade,3,0.0,1,3/5/20,2804160.0,0.0,0.0,No,,0.0
336,Miami-Dade,4,0.0,1,3/6/20,2804160.0,0.0,0.0,No,,0.0
408,Miami-Dade,5,0.0,1,3/7/20,2804160.0,0.0,0.0,No,,0.0
480,Miami-Dade,6,0.0,1,3/8/20,2804160.0,0.0,0.0,No,,0.0
552,Miami-Dade,7,0.0,2,3/9/20,2804160.0,0.0,0.0,No,,0.0
624,Miami-Dade,8,0.0,2,3/10/20,2804160.0,0.0,0.0,No,,0.0
696,Miami-Dade,9,0.0,2,3/11/20,2804160.0,0.0,0.0,No,,0.0
768,Miami-Dade,10,0.0,2,3/12/20,2804160.0,0.0,0.0,No,,0.0
840,Miami-Dade,11,0.0,2,3/13/20,2804160.0,0.0,0.0,No,,0.0
912,Miami-Dade,12,0.0,2,3/14/20,2804160.0,0.0,0.0,No,,0.0
984,Miami-Dade,13,0.0,2,3/15/20,2804160.0,0.0,0.0,No,,0.0
1056,Miami-Dade,14,0.0,3,3/16/20,2804160.0,0.0,0.0,No,,0.0
1128,Miami-Dade,15,0.0,3,3/17/20,2804160.0,0.0,0.0,No,,0.0
1200,Miami-Dade,16,0.0,3,3/18/20,2804160.0,0.0,0.0,No,,0.0
1272,Miami-Dade,17,0.0,3,3/19/20,2804160.0,0.0,0.0,No,,0.0
1344,Miami-Dade,18,0.0,3,3/20/20,2804160.0,0.0,0.0,No,,0.0
1416,Miami-Dade,19,0.0,3,3/21/20,2804160.0,0.0,0.0,No,,0.0
28,Monroe,0,0.0,1,3/2/20,76534.0,0.0,0.0,No,,0.0
100,Monroe,1,0.0,1,3/3/20,76534.0,0.0,0.0,No,,0.0
172,Monroe,2,0.0,1,3/4/20,76534.0,0.0,0.0,No,,0.0
244,Monroe,3,0.0,1,3/5/20,76534.0,0.0,0.0,No,,0.0
316,Monroe,4,0.0,1,3/6/20,76534.0,0.0,0.0,No,,0.0
388,Monroe,5,0.0,1,3/7/20,76534.0,0.0,0.0,No,,0.0
460,Monroe,6,0.0,1,3/8/20,76534.0,0.0,0.0,No,,0.0
532,Monroe,7,0.0,2,3/9/20,76534.0,0.0,0.0,No,,0.0
604,Monroe,8,0.0,2,3/10/20,76534.0,0.0,0.0,No,,0.0
676,Monroe,9,0.0,2,3/11/20,76534.0,0.0,0.0,No,,0.0
748,Monroe,10,0.0,2,3/12/20,76534.0,0.0,0.0,No,,0.0
820,Monroe,11,0.0,2,3/13/20,76534.0,0.0,0.0,No,,0.0
892,Monroe,12,0.0,2,3/14/20,76534.0,0.0,0.0,No,,0.0
964,Monroe,13,0.0,2,3/15/20,76534.0,0.0,0.0,No,,0.0
1036,Monroe,14,0.0,3,3/16/20,76534.0,0.0,0.0,No,,0.0
1108,Monroe,15,0.0,3,3/17/20,76534.0,0.0,0.0,No,,0.0
1180,Monroe,16,0.0,3,3/18/20,76534.0,0.0,0.0,No,,0.0
1252,Monroe,17,1.0,3,3/19/20,76534.0,1.3066088274492382,1.0,Yes,100.0,1.3066088274492382
1324,Monroe,18,0.0,3,3/20/20,76534.0,0.0,-1.0,No,-0.0,1.3066088274492382
1396,Monroe,19,0.0,3,3/21/20,76534.0,0.0,0.0,No,,0.0
29,Nassau,0,0.0,1,3/2/20,83125.0,0.0,0.0,No,,0.0
101,Nassau,1,0.0,1,3/3/20,83125.0,0.0,0.0,No,,0.0
173,Nassau,2,0.0,1,3/4/20,83125.0,0.0,0.0,No,,0.0
245,Nassau,3,0.0,1,3/5/20,83125.0,0.0,0.0,No,,0.0
317,Nassau,4,0.0,1,3/6/20,83125.0,0.0,0.0,No,,0.0
389,Nassau,5,0.0,1,3/7/20,83125.0,0.0,0.0,No,,0.0
461,Nassau,6,0.0,1,3/8/20,83125.0,0.0,0.0,No,,0.0
533,Nassau,7,1.0,2,3/9/20,83125.0,1.2030075187969924,1.0,Yes,100.0,1.2030075187969924
605,Nassau,8,0.0,2,3/10/20,83125.0,0.0,-1.0,No,-0.0,1.2030075187969924
677,Nassau,9,0.0,2,3/11/20,83125.0,0.0,0.0,No,,0.0
749,Nassau,10,0.0,2,3/12/20,83125.0,0.0,0.0,No,,0.0
821,Nassau,11,0.0,2,3/13/20,83125.0,0.0,0.0,No,,0.0
893,Nassau,12,0.0,2,3/14/20,83125.0,0.0,0.0,No,,0.0
965,Nassau,13,0.0,2,3/15/20,83125.0,0.0,0.0,No,,0.0
1037,Nassau,14,0.0,3,3/16/20,83125.0,0.0,0.0,No,,0.0
1109,Nassau,15,0.0,3,3/17/20,83125.0,0.0,0.0,No,,0.0
1181,Nassau,16,0.0,3,3/18/20,83125.0,0.0,0.0,No,,0.0
1253,Nassau,17,0.0,3,3/19/20,83125.0,0.0,0.0,No,,0.0
1325,Nassau,18,0.0,3,3/20/20,83125.0,0.0,0.0,No,,0.0
1397,Nassau,19,0.0,3,3/21/20,83125.0,0.0,0.0,No,,0.0
30,Okaloosa,0,0.0,1,3/2/20,198409.0,0.0,0.0,No,,0.0
102,Okaloosa,1,0.0,1,3/3/20,198409.0,0.0,0.0,No,,0.0
174,Okaloosa,2,1.0,1,3/4/20,198409.0,0.5040093947351179,1.0,Yes,100.0,0.5040093947351179
246,Okaloosa,3,0.0,1,3/5/20,198409.0,0.0,-1.0,No,-0.0,0.5040093947351179
318,Okaloosa,4,0.0,1,3/6/20,198409.0,0.0,0.0,No,,0.0
390,Okaloosa,5,0.0,1,3/7/20,198409.0,0.0,0.0,No,,0.0
462,Okaloosa,6,1.0,1,3/8/20,198409.0,0.5040093947351179,1.0,Yes,100.0,0.5040093947351179
534,Okaloosa,7,0.0,2,3/9/20,198409.0,0.0,-1.0,No,-0.0,0.5040093947351179
606,Okaloosa,8,0.0,2,3/10/20,198409.0,0.0,0.0,No,,0.0
678,Okaloosa,9,0.0,2,3/11/20,198409.0,0.0,0.0,No,,0.0
750,Okaloosa,10,0.0,2,3/12/20,198409.0,0.0,0.0,No,,0.0
822,Okaloosa,11,0.0,2,3/13/20,198409.0,0.0,0.0,No,,0.0
894,Okaloosa,12,0.0,2,3/14/20,198409.0,0.0,0.0,No,,0.0
966,Okaloosa,13,0.0,2,3/15/20,198409.0,0.0,0.0,No,,0.0
1038,Okaloosa,14,1.0,3,3/16/20,198409.0,0.5040093947351179,1.0,Yes,100.0,0.5040093947351179
1110,Okaloosa,15,1.0,3,3/17/20,198409.0,0.5040093947351179,0.0,Yes,inf,1.0080187894702357
1182,Okaloosa,16,1.0,3,3/18/20,198409.0,0.5040093947351179,0.0,Yes,inf,1.0080187894702357
1254,Okaloosa,17,4.0,3,3/19/20,198409.0,2.0160375789404714,3.0,Yes,133.33333333333331,2.5200469736755893
1326,Okaloosa,18,3.0,3,3/20/20,198409.0,1.5120281842053536,-1.0,No,-300.0,3.528065763145825
1398,Okaloosa,19,2.0,3,3/21/20,198409.0,1.0080187894702357,-1.0,No,-200.0,2.5200469736755893
63,Okeechobee,0,0.0,1,3/2/20,41492.0,0.0,0.0,No,,0.0
135,Okeechobee,1,0.0,1,3/3/20,41492.0,0.0,0.0,No,,0.0
207,Okeechobee,2,0.0,1,3/4/20,41492.0,0.0,0.0,No,,0.0
279,Okeechobee,3,0.0,1,3/5/20,41492.0,0.0,0.0,No,,0.0
351,Okeechobee,4,0.0,1,3/6/20,41492.0,0.0,0.0,No,,0.0
423,Okeechobee,5,0.0,1,3/7/20,41492.0,0.0,0.0,No,,0.0
495,Okeechobee,6,0.0,1,3/8/20,41492.0,0.0,0.0,No,,0.0
567,Okeechobee,7,0.0,2,3/9/20,41492.0,0.0,0.0,No,,0.0
639,Okeechobee,8,0.0,2,3/10/20,41492.0,0.0,0.0,No,,0.0
711,Okeechobee,9,0.0,2,3/11/20,41492.0,0.0,0.0,No,,0.0
783,Okeechobee,10,0.0,2,3/12/20,41492.0,0.0,0.0,No,,0.0
855,Okeechobee,11,0.0,2,3/13/20,41492.0,0.0,0.0,No,,0.0
927,Okeechobee,12,0.0,2,3/14/20,41492.0,0.0,0.0,No,,0.0
999,Okeechobee,13,0.0,2,3/15/20,41492.0,0.0,0.0,No,,0.0
1071,Okeechobee,14,0.0,3,3/16/20,41492.0,0.0,0.0,No,,0.0
1143,Okeechobee,15,0.0,3,3/17/20,41492.0,0.0,0.0,No,,0.0
1215,Okeechobee,16,0.0,3,3/18/20,41492.0,0.0,0.0,No,,0.0
1287,Okeechobee,17,0.0,3,3/19/20,41492.0,0.0,0.0,No,,0.0
1359,Okeechobee,18,0.0,3,3/20/20,41492.0,0.0,0.0,No,,0.0
1431,Okeechobee,19,0.0,3,3/21/20,41492.0,0.0,0.0,No,,0.0
31,Orange,0,0.0,1,3/2/20,1370447.0,0.0,0.0,No,,0.0
103,Orange,1,0.0,1,3/3/20,1370447.0,0.0,0.0,No,,0.0
175,Orange,2,0.0,1,3/4/20,1370447.0,0.0,0.0,No,,0.0
247,Orange,3,0.0,1,3/5/20,1370447.0,0.0,0.0,No,,0.0
319,Orange,4,0.0,1,3/6/20,1370447.0,0.0,0.0,No,,0.0
391,Orange,5,0.0,1,3/7/20,1370447.0,0.0,0.0,No,,0.0
463,Orange,6,0.0,1,3/8/20,1370447.0,0.0,0.0,No,,0.0
535,Orange,7,0.0,2,3/9/20,1370447.0,0.0,0.0,No,,0.0
607,Orange,8,0.0,2,3/10/20,1370447.0,0.0,0.0,No,,0.0
679,Orange,9,0.0,2,3/11/20,1370447.0,0.0,0.0,No,,0.0
751,Orange,10,3.0,2,3/12/20,1370447.0,0.21890667789414694,3.0,Yes,100.0,0.21890667789414694
823,Orange,11,0.0,2,3/13/20,1370447.0,0.0,-3.0,No,-0.0,0.21890667789414694
895,Orange,12,1.0,2,3/14/20,1370447.0,0.07296889263138231,1.0,Yes,100.0,0.07296889263138231
967,Orange,13,2.0,2,3/15/20,1370447.0,0.14593778526276463,1.0,Yes,200.0,0.21890667789414694
1039,Orange,14,2.0,3,3/16/20,1370447.0,0.14593778526276463,0.0,Yes,inf,0.29187557052552926
1111,Orange,15,5.0,3,3/17/20,1370447.0,0.3648444631569116,3.0,Yes,166.66666666666669,0.5107822484196762
1183,Orange,16,5.0,3,3/18/20,1370447.0,0.3648444631569116,0.0,Yes,inf,0.7296889263138232
1255,Orange,17,5.0,3,3/19/20,1370447.0,0.3648444631569116,0.0,Yes,inf,0.7296889263138232
1327,Orange,18,6.0,3,3/20/20,1370447.0,0.4378133557882939,1.0,Yes,600.0,0.8026578189452055
1399,Orange,19,4.0,3,3/21/20,1370447.0,0.29187557052552926,-2.0,No,-200.0,0.7296889263138231
32,Osceola,0,0.0,1,3/2/20,360426.0,0.0,0.0,No,,0.0
104,Osceola,1,0.0,1,3/3/20,360426.0,0.0,0.0,No,,0.0
176,Osceola,2,0.0,1,3/4/20,360426.0,0.0,0.0,No,,0.0
248,Osceola,3,0.0,1,3/5/20,360426.0,0.0,0.0,No,,0.0
320,Osceola,4,0.0,1,3/6/20,360426.0,0.0,0.0,No,,0.0
392,Osceola,5,0.0,1,3/7/20,360426.0,0.0,0.0,No,,0.0
464,Osceola,6,0.0,1,3/8/20,360426.0,0.0,0.0,No,,0.0
536,Osceola,7,0.0,2,3/9/20,360426.0,0.0,0.0,No,,0.0
608,Osceola,8,0.0,2,3/10/20,360426.0,0.0,0.0,No,,0.0
680,Osceola,9,0.0,2,3/11/20,360426.0,0.0,0.0,No,,0.0
752,Osceola,10,3.0,2,3/12/20,360426.0,0.8323483877411729,3.0,Yes,100.0,0.8323483877411729
824,Osceola,11,1.0,2,3/13/20,360426.0,0.277449462580391,-2.0,No,-50.0,1.109797850321564
896,Osceola,12,0.0,2,3/14/20,360426.0,0.0,-1.0,No,-0.0,0.277449462580391
968,Osceola,13,1.0,2,3/15/20,360426.0,0.277449462580391,1.0,Yes,100.0,0.277449462580391
1040,Osceola,14,3.0,3,3/16/20,360426.0,0.8323483877411729,2.0,Yes,150.0,1.109797850321564
1112,Osceola,15,2.0,3,3/17/20,360426.0,0.554898925160782,-1.0,No,-200.0,1.387247312901955
1184,Osceola,16,4.0,3,3/18/20,360426.0,1.109797850321564,2.0,Yes,200.0,1.664696775482346
1256,Osceola,17,0.0,3,3/19/20,360426.0,0.0,-4.0,No,-0.0,1.109797850321564
1328,Osceola,18,8.0,3,3/20/20,360426.0,2.219595700643128,8.0,Yes,100.0,2.219595700643128
1400,Osceola,19,2.0,3,3/21/20,360426.0,0.554898925160782,-6.0,No,-33.33333333333333,2.77449462580391
33,Palm Beach,0,0.0,1,3/2/20,1442281.0,0.0,0.0,No,,0.0
105,Palm Beach,1,0.0,1,3/3/20,1442281.0,0.0,0.0,No,,0.0
177,Palm Beach,2,1.0,1,3/4/20,1442281.0,0.0693346164859691,1.0,Yes,100.0,0.0693346164859691
249,Palm Beach,3,0.0,1,3/5/20,1442281.0,0.0,-1.0,No,-0.0,0.0693346164859691
321,Palm Beach,4,0.0,1,3/6/20,1442281.0,0.0,0.0,No,,0.0
393,Palm Beach,5,0.0,1,3/7/20,1442281.0,0.0,0.0,No,,0.0
465,Palm Beach,6,0.0,1,3/8/20,1442281.0,0.0,0.0,No,,0.0
537,Palm Beach,7,0.0,2,3/9/20,1442281.0,0.0,0.0,No,,0.0
609,Palm Beach,8,0.0,2,3/10/20,1442281.0,0.0,0.0,No,,0.0
681,Palm Beach,9,0.0,2,3/11/20,1442281.0,0.0,0.0,No,,0.0
753,Palm Beach,10,2.0,2,3/12/20,1442281.0,0.1386692329719382,2.0,Yes,100.0,0.1386692329719382
825,Palm Beach,11,3.0,2,3/13/20,1442281.0,0.20800384945790729,1.0,Yes,300.0,0.3466730824298455
897,Palm Beach,12,0.0,2,3/14/20,1442281.0,0.0,-3.0,No,-0.0,0.20800384945790729
969,Palm Beach,13,4.0,2,3/15/20,1442281.0,0.2773384659438764,4.0,Yes,100.0,0.2773384659438764
1041,Palm Beach,14,3.0,3,3/16/20,1442281.0,0.20800384945790729,-1.0,No,-300.0,0.4853423154017837
1113,Palm Beach,15,10.0,3,3/17/20,1442281.0,0.693346164859691,7.0,Yes,142.85714285714286,0.9013500143175983
1185,Palm Beach,16,6.0,3,3/18/20,1442281.0,0.41600769891581457,-4.0,No,-150.0,1.1093538637755056
1257,Palm Beach,17,16.0,3,3/19/20,1442281.0,1.1093538637755056,10.0,Yes,160.0,1.5253615626913202
1329,Palm Beach,18,14.0,3,3/20/20,1442281.0,0.9706846308035674,-2.0,No,-700.0,2.080038494579073
1401,Palm Beach,19,13.0,3,3/21/20,1442281.0,0.9013500143175982,-1.0,No,-1300.0,1.8720346451211656
34,Pasco,0,0.0,1,3/2/20,518639.0,0.0,0.0,No,,0.0
106,Pasco,1,0.0,1,3/3/20,518639.0,0.0,0.0,No,,0.0
178,Pasco,2,0.0,1,3/4/20,518639.0,0.0,0.0,No,,0.0
250,Pasco,3,0.0,1,3/5/20,518639.0,0.0,0.0,No,,0.0
322,Pasco,4,0.0,1,3/6/20,518639.0,0.0,0.0,No,,0.0
394,Pasco,5,0.0,1,3/7/20,518639.0,0.0,0.0,No,,0.0
466,Pasco,6,0.0,1,3/8/20,518639.0,0.0,0.0,No,,0.0
538,Pasco,7,0.0,2,3/9/20,518639.0,0.0,0.0,No,,0.0
610,Pasco,8,1.0,2,3/10/20,518639.0,0.1928123415323568,1.0,Yes,100.0,0.1928123415323568
682,Pasco,9,0.0,2,3/11/20,518639.0,0.0,-1.0,No,-0.0,0.1928123415323568
754,Pasco,10,0.0,2,3/12/20,518639.0,0.0,0.0,No,,0.0
826,Pasco,11,1.0,2,3/13/20,518639.0,0.1928123415323568,1.0,Yes,100.0,0.1928123415323568
898,Pasco,12,0.0,2,3/14/20,518639.0,0.0,-1.0,No,-0.0,0.1928123415323568
970,Pasco,13,0.0,2,3/15/20,518639.0,0.0,0.0,No,,0.0
1042,Pasco,14,0.0,3,3/16/20,518639.0,0.0,0.0,No,,0.0
1114,Pasco,15,1.0,3,3/17/20,518639.0,0.1928123415323568,1.0,Yes,100.0,0.1928123415323568
1186,Pasco,16,2.0,3,3/18/20,518639.0,0.3856246830647136,1.0,Yes,200.0,0.5784370245970704
1258,Pasco,17,3.0,3,3/19/20,518639.0,0.5784370245970705,1.0,Yes,300.0,0.9640617076617841
1330,Pasco,18,0.0,3,3/20/20,518639.0,0.0,-3.0,No,-0.0,0.5784370245970705
1402,Pasco,19,3.0,3,3/21/20,518639.0,0.5784370245970705,3.0,Yes,100.0,0.5784370245970705
35,Pinellas,0,0.0,1,3/2/20,971022.0,0.0,0.0,No,,0.0
107,Pinellas,1,0.0,1,3/3/20,971022.0,0.0,0.0,No,,0.0
179,Pinellas,2,0.0,1,3/4/20,971022.0,0.0,0.0,No,,0.0
251,Pinellas,3,0.0,1,3/5/20,971022.0,0.0,0.0,No,,0.0
323,Pinellas,4,0.0,1,3/6/20,971022.0,0.0,0.0,No,,0.0
395,Pinellas,5,0.0,1,3/7/20,971022.0,0.0,0.0,No,,0.0
467,Pinellas,6,0.0,1,3/8/20,971022.0,0.0,0.0,No,,0.0
539,Pinellas,7,0.0,2,3/9/20,971022.0,0.0,0.0,No,,0.0
611,Pinellas,8,2.0,2,3/10/20,971022.0,0.20596855684011278,2.0,Yes,100.0,0.20596855684011278
683,Pinellas,9,0.0,2,3/11/20,971022.0,0.0,-2.0,No,-0.0,0.20596855684011278
755,Pinellas,10,0.0,2,3/12/20,971022.0,0.0,0.0,No,,0.0
827,Pinellas,11,0.0,2,3/13/20,971022.0,0.0,0.0,No,,0.0
899,Pinellas,12,0.0,2,3/14/20,971022.0,0.0,0.0,No,,0.0
971,Pinellas,13,2.0,2,3/15/20,971022.0,0.20596855684011278,2.0,Yes,100.0,0.20596855684011278
1043,Pinellas,14,1.0,3,3/16/20,971022.0,0.10298427842005639,-1.0,No,-100.0,0.30895283526016915
1115,Pinellas,15,8.0,3,3/17/20,971022.0,0.8238742273604511,7.0,Yes,114.28571428571428,0.9268585057805075
1187,Pinellas,16,4.0,3,3/18/20,971022.0,0.41193711368022556,-4.0,No,-100.0,1.2358113410406766
1259,Pinellas,17,5.0,3,3/19/20,971022.0,0.514921392100282,1.0,Yes,500.0,0.9268585057805075
1331,Pinellas,18,7.0,3,3/20/20,971022.0,0.7208899489403947,2.0,Yes,350.0,1.2358113410406766
1403,Pinellas,19,9.0,3,3/21/20,971022.0,0.9268585057805075,2.0,Yes,450.0,1.6477484547209023
36,Polk,0,0.0,1,3/2/20,681691.0,0.0,0.0,No,,0.0
108,Polk,1,0.0,1,3/3/20,681691.0,0.0,0.0,No,,0.0
180,Polk,2,0.0,1,3/4/20,681691.0,0.0,0.0,No,,0.0
252,Polk,3,0.0,1,3/5/20,681691.0,0.0,0.0,No,,0.0
324,Polk,4,0.0,1,3/6/20,681691.0,0.0,0.0,No,,0.0
396,Polk,5,0.0,1,3/7/20,681691.0,0.0,0.0,No,,0.0
468,Polk,6,0.0,1,3/8/20,681691.0,0.0,0.0,No,,0.0
540,Polk,7,0.0,2,3/9/20,681691.0,0.0,0.0,No,,0.0
612,Polk,8,0.0,2,3/10/20,681691.0,0.0,0.0,No,,0.0
684,Polk,9,0.0,2,3/11/20,681691.0,0.0,0.0,No,,0.0
756,Polk,10,0.0,2,3/12/20,681691.0,0.0,0.0,No,,0.0
828,Polk,11,0.0,2,3/13/20,681691.0,0.0,0.0,No,,0.0
900,Polk,12,0.0,2,3/14/20,681691.0,0.0,0.0,No,,0.0
972,Polk,13,0.0,2,3/15/20,681691.0,0.0,0.0,No,,0.0
1044,Polk,14,1.0,3,3/16/20,681691.0,0.1466940299930614,1.0,Yes,100.0,0.1466940299930614
1116,Polk,15,1.0,3,3/17/20,681691.0,0.1466940299930614,0.0,Yes,inf,0.2933880599861228
1188,Polk,16,2.0,3,3/18/20,681691.0,0.2933880599861228,1.0,Yes,200.0,0.4400820899791842
1260,Polk,17,6.0,3,3/19/20,681691.0,0.8801641799583683,4.0,Yes,150.0,1.173552239944491
1332,Polk,18,1.0,3,3/20/20,681691.0,0.1466940299930614,-5.0,No,-20.0,1.0268582099514296
1404,Polk,19,0.0,3,3/21/20,681691.0,0.0,-1.0,No,-0.0,0.1466940299930614
37,Putnam,0,0.0,1,3/2/20,73422.0,0.0,0.0,No,,0.0
109,Putnam,1,0.0,1,3/3/20,73422.0,0.0,0.0,No,,0.0
181,Putnam,2,0.0,1,3/4/20,73422.0,0.0,0.0,No,,0.0
253,Putnam,3,0.0,1,3/5/20,73422.0,0.0,0.0,No,,0.0
325,Putnam,4,0.0,1,3/6/20,73422.0,0.0,0.0,No,,0.0
397,Putnam,5,0.0,1,3/7/20,73422.0,0.0,0.0,No,,0.0
469,Putnam,6,0.0,1,3/8/20,73422.0,0.0,0.0,No,,0.0
541,Putnam,7,0.0,2,3/9/20,73422.0,0.0,0.0,No,,0.0
613,Putnam,8,0.0,2,3/10/20,73422.0,0.0,0.0,No,,0.0
685,Putnam,9,0.0,2,3/11/20,73422.0,0.0,0.0,No,,0.0
757,Putnam,10,0.0,2,3/12/20,73422.0,0.0,0.0,No,,0.0
829,Putnam,11,0.0,2,3/13/20,73422.0,0.0,0.0,No,,0.0
901,Putnam,12,0.0,2,3/14/20,73422.0,0.0,0.0,No,,0.0
973,Putnam,13,0.0,2,3/15/20,73422.0,0.0,0.0,No,,0.0
1045,Putnam,14,0.0,3,3/16/20,73422.0,0.0,0.0,No,,0.0
1117,Putnam,15,0.0,3,3/17/20,73422.0,0.0,0.0,No,,0.0
1189,Putnam,16,0.0,3,3/18/20,73422.0,0.0,0.0,No,,0.0
1261,Putnam,17,1.0,3,3/19/20,73422.0,1.3619895943994988,1.0,Yes,100.0,1.3619895943994988
1333,Putnam,18,0.0,3,3/20/20,73422.0,0.0,-1.0,No,-0.0,1.3619895943994988
1405,Putnam,19,1.0,3,3/21/20,73422.0,1.3619895943994988,1.0,Yes,100.0,1.3619895943994988
64,Saint Johns,0,0.0,1,3/2/20,241545.0,0.0,0.0,No,,0.0
136,Saint Johns,1,0.0,1,3/3/20,241545.0,0.0,0.0,No,,0.0
208,Saint Johns,2,0.0,1,3/4/20,241545.0,0.0,0.0,No,,0.0
280,Saint Johns,3,0.0,1,3/5/20,241545.0,0.0,0.0,No,,0.0
352,Saint Johns,4,0.0,1,3/6/20,241545.0,0.0,0.0,No,,0.0
424,Saint Johns,5,0.0,1,3/7/20,241545.0,0.0,0.0,No,,0.0
496,Saint Johns,6,0.0,1,3/8/20,241545.0,0.0,0.0,No,,0.0
568,Saint Johns,7,0.0,2,3/9/20,241545.0,0.0,0.0,No,,0.0
640,Saint Johns,8,0.0,2,3/10/20,241545.0,0.0,0.0,No,,0.0
712,Saint Johns,9,0.0,2,3/11/20,241545.0,0.0,0.0,No,,0.0
784,Saint Johns,10,0.0,2,3/12/20,241545.0,0.0,0.0,No,,0.0
856,Saint Johns,11,0.0,2,3/13/20,241545.0,0.0,0.0,No,,0.0
928,Saint Johns,12,0.0,2,3/14/20,241545.0,0.0,0.0,No,,0.0
1000,Saint Johns,13,0.0,2,3/15/20,241545.0,0.0,0.0,No,,0.0
1072,Saint Johns,14,0.0,3,3/16/20,241545.0,0.0,0.0,No,,0.0
1144,Saint Johns,15,0.0,3,3/17/20,241545.0,0.0,0.0,No,,0.0
1216,Saint Johns,16,0.0,3,3/18/20,241545.0,0.0,0.0,No,,0.0
1288,Saint Johns,17,0.0,3,3/19/20,241545.0,0.0,0.0,No,,0.0
1360,Saint Johns,18,0.0,3,3/20/20,241545.0,0.0,0.0,No,,0.0
1432,Saint Johns,19,0.0,3,3/21/20,241545.0,0.0,0.0,No,,0.0
65,Saint Lucie,0,0.0,1,3/2/20,304743.0,0.0,0.0,No,,0.0
137,Saint Lucie,1,0.0,1,3/3/20,304743.0,0.0,0.0,No,,0.0
209,Saint Lucie,2,0.0,1,3/4/20,304743.0,0.0,0.0,No,,0.0
281,Saint Lucie,3,0.0,1,3/5/20,304743.0,0.0,0.0,No,,0.0
353,Saint Lucie,4,0.0,1,3/6/20,304743.0,0.0,0.0,No,,0.0
425,Saint Lucie,5,0.0,1,3/7/20,304743.0,0.0,0.0,No,,0.0
497,Saint Lucie,6,0.0,1,3/8/20,304743.0,0.0,0.0,No,,0.0
569,Saint Lucie,7,0.0,2,3/9/20,304743.0,0.0,0.0,No,,0.0
641,Saint Lucie,8,0.0,2,3/10/20,304743.0,0.0,0.0,No,,0.0
713,Saint Lucie,9,0.0,2,3/11/20,304743.0,0.0,0.0,No,,0.0
785,Saint Lucie,10,0.0,2,3/12/20,304743.0,0.0,0.0,No,,0.0
857,Saint Lucie,11,0.0,2,3/13/20,304743.0,0.0,0.0,No,,0.0
929,Saint Lucie,12,0.0,2,3/14/20,304743.0,0.0,0.0,No,,0.0
1001,Saint Lucie,13,0.0,2,3/15/20,304743.0,0.0,0.0,No,,0.0
1073,Saint Lucie,14,0.0,3,3/16/20,304743.0,0.0,0.0,No,,0.0
1145,Saint Lucie,15,0.0,3,3/17/20,304743.0,0.0,0.0,No,,0.0
1217,Saint Lucie,16,0.0,3,3/18/20,304743.0,0.0,0.0,No,,0.0
1289,Saint Lucie,17,0.0,3,3/19/20,304743.0,0.0,0.0,No,,0.0
1361,Saint Lucie,18,0.0,3,3/20/20,304743.0,0.0,0.0,No,,0.0
1433,Saint Lucie,19,0.0,3,3/21/20,304743.0,0.0,0.0,No,,0.0
38,Santa Rosa,0,0.0,1,3/2/20,175552.0,0.0,0.0,No,,0.0
110,Santa Rosa,1,0.0,1,3/3/20,175552.0,0.0,0.0,No,,0.0
182,Santa Rosa,2,0.0,1,3/4/20,175552.0,0.0,0.0,No,,0.0
254,Santa Rosa,3,1.0,1,3/5/20,175552.0,0.5696317900109369,1.0,Yes,100.0,0.5696317900109369
326,Santa Rosa,4,0.0,1,3/6/20,175552.0,0.0,-1.0,No,-0.0,0.5696317900109369
398,Santa Rosa,5,0.0,1,3/7/20,175552.0,0.0,0.0,No,,0.0
470,Santa Rosa,6,0.0,1,3/8/20,175552.0,0.0,0.0,No,,0.0
542,Santa Rosa,7,0.0,2,3/9/20,175552.0,0.0,0.0,No,,0.0
614,Santa Rosa,8,0.0,2,3/10/20,175552.0,0.0,0.0,No,,0.0
686,Santa Rosa,9,0.0,2,3/11/20,175552.0,0.0,0.0,No,,0.0
758,Santa Rosa,10,0.0,2,3/12/20,175552.0,0.0,0.0,No,,0.0
830,Santa Rosa,11,0.0,2,3/13/20,175552.0,0.0,0.0,No,,0.0
902,Santa Rosa,12,0.0,2,3/14/20,175552.0,0.0,0.0,No,,0.0
974,Santa Rosa,13,0.0,2,3/15/20,175552.0,0.0,0.0,No,,0.0
1046,Santa Rosa,14,0.0,3,3/16/20,175552.0,0.0,0.0,No,,0.0
1118,Santa Rosa,15,1.0,3,3/17/20,175552.0,0.5696317900109369,1.0,Yes,100.0,0.5696317900109369
1190,Santa Rosa,16,0.0,3,3/18/20,175552.0,0.0,-1.0,No,-0.0,0.5696317900109369
1262,Santa Rosa,17,1.0,3,3/19/20,175552.0,0.5696317900109369,1.0,Yes,100.0,0.5696317900109369
1334,Santa Rosa,18,0.0,3,3/20/20,175552.0,0.0,-1.0,No,-0.0,0.5696317900109369
1406,Santa Rosa,19,1.0,3,3/21/20,175552.0,0.5696317900109369,1.0,Yes,100.0,0.5696317900109369
39,Sarasota,0,0.0,1,3/2/20,415896.0,0.0,0.0,No,,0.0
111,Sarasota,1,0.0,1,3/3/20,415896.0,0.0,0.0,No,,0.0
183,Sarasota,2,0.0,1,3/4/20,415896.0,0.0,0.0,No,,0.0
255,Sarasota,3,0.0,1,3/5/20,415896.0,0.0,0.0,No,,0.0
327,Sarasota,4,0.0,1,3/6/20,415896.0,0.0,0.0,No,,0.0
399,Sarasota,5,0.0,1,3/7/20,415896.0,0.0,0.0,No,,0.0
471,Sarasota,6,0.0,1,3/8/20,415896.0,0.0,0.0,No,,0.0
543,Sarasota,7,0.0,2,3/9/20,415896.0,0.0,0.0,No,,0.0
615,Sarasota,8,0.0,2,3/10/20,415896.0,0.0,0.0,No,,0.0
687,Sarasota,9,0.0,2,3/11/20,415896.0,0.0,0.0,No,,0.0
759,Sarasota,10,2.0,2,3/12/20,415896.0,0.4808894531325139,2.0,Yes,100.0,0.4808894531325139
831,Sarasota,11,0.0,2,3/13/20,415896.0,0.0,-2.0,No,-0.0,0.4808894531325139
903,Sarasota,12,0.0,2,3/14/20,415896.0,0.0,0.0,No,,0.0
975,Sarasota,13,2.0,2,3/15/20,415896.0,0.4808894531325139,2.0,Yes,100.0,0.4808894531325139
1047,Sarasota,14,0.0,3,3/16/20,415896.0,0.0,-2.0,No,-0.0,0.4808894531325139
1119,Sarasota,15,0.0,3,3/17/20,415896.0,0.0,0.0,No,,0.0
1191,Sarasota,16,2.0,3,3/18/20,415896.0,0.4808894531325139,2.0,Yes,100.0,0.4808894531325139
1263,Sarasota,17,2.0,3,3/19/20,415896.0,0.4808894531325139,0.0,Yes,inf,0.9617789062650278
1335,Sarasota,18,7.0,3,3/20/20,415896.0,1.6831130859637988,5.0,Yes,140.0,2.164002539096313
1407,Sarasota,19,2.0,3,3/21/20,415896.0,0.4808894531325139,-5.0,No,-40.0,2.164002539096313
40,Seminole,0,0.0,1,3/2/20,463627.0,0.0,0.0,No,,0.0
112,Seminole,1,0.0,1,3/3/20,463627.0,0.0,0.0,No,,0.0
184,Seminole,2,0.0,1,3/4/20,463627.0,0.0,0.0,No,,0.0
256,Seminole,3,0.0,1,3/5/20,463627.0,0.0,0.0,No,,0.0
328,Seminole,4,0.0,1,3/6/20,463627.0,0.0,0.0,No,,0.0
400,Seminole,5,0.0,1,3/7/20,463627.0,0.0,0.0,No,,0.0
472,Seminole,6,0.0,1,3/8/20,463627.0,0.0,0.0,No,,0.0
544,Seminole,7,0.0,2,3/9/20,463627.0,0.0,0.0,No,,0.0
616,Seminole,8,0.0,2,3/10/20,463627.0,0.0,0.0,No,,0.0
688,Seminole,9,1.0,2,3/11/20,463627.0,0.21569063061469673,1.0,Yes,100.0,0.21569063061469673
760,Seminole,10,0.0,2,3/12/20,463627.0,0.0,-1.0,No,-0.0,0.21569063061469673
832,Seminole,11,3.0,2,3/13/20,463627.0,0.6470718918440902,3.0,Yes,100.0,0.6470718918440902
904,Seminole,12,0.0,2,3/14/20,463627.0,0.0,-3.0,No,-0.0,0.6470718918440902
976,Seminole,13,0.0,2,3/15/20,463627.0,0.0,0.0,No,,0.0
1048,Seminole,14,2.0,3,3/16/20,463627.0,0.43138126122939346,2.0,Yes,100.0,0.43138126122939346
1120,Seminole,15,2.0,3,3/17/20,463627.0,0.43138126122939346,0.0,Yes,inf,0.8627625224587869
1192,Seminole,16,0.0,3,3/18/20,463627.0,0.0,-2.0,No,-0.0,0.43138126122939346
1264,Seminole,17,3.0,3,3/19/20,463627.0,0.6470718918440902,3.0,Yes,100.0,0.6470718918440902
1336,Seminole,18,5.0,3,3/20/20,463627.0,1.0784531530734838,2.0,Yes,250.0,1.7255250449175739
1408,Seminole,19,3.0,3,3/21/20,463627.0,0.6470718918440902,-2.0,No,-150.0,1.7255250449175739
41,St. Johns,0,0.0,1,3/2/20,,,0.0,No,,0.0
113,St. Johns,1,0.0,1,3/3/20,,,0.0,No,,
185,St. Johns,2,0.0,1,3/4/20,,,0.0,No,,
257,St. Johns,3,0.0,1,3/5/20,,,0.0,No,,
329,St. Johns,4,0.0,1,3/6/20,,,0.0,No,,
401,St. Johns,5,0.0,1,3/7/20,,,0.0,No,,
473,St. Johns,6,0.0,1,3/8/20,,,0.0,No,,
545,St. Johns,7,0.0,2,3/9/20,,,0.0,No,,
617,St. Johns,8,0.0,2,3/10/20,,,0.0,No,,
689,St. Johns,9,1.0,2,3/11/20,,,1.0,Yes,100.0,
761,St. Johns,10,0.0,2,3/12/20,,,-1.0,No,-0.0,
833,St. Johns,11,1.0,2,3/13/20,,,1.0,Yes,100.0,
905,St. Johns,12,0.0,2,3/14/20,,,-1.0,No,-0.0,
977,St. Johns,13,1.0,2,3/15/20,,,1.0,Yes,100.0,
1049,St. Johns,14,0.0,3,3/16/20,,,-1.0,No,-0.0,
1121,St. Johns,15,1.0,3,3/17/20,,,1.0,Yes,100.0,
1193,St. Johns,16,0.0,3,3/18/20,,,-1.0,No,-0.0,
1265,St. Johns,17,4.0,3,3/19/20,,,4.0,Yes,100.0,
1337,St. Johns,18,2.0,3,3/20/20,,,-2.0,No,-100.0,
1409,St. Johns,19,6.0,3,3/21/20,,,4.0,Yes,150.0,
42,St. Lucie,0,0.0,1,3/2/20,,,0.0,No,,0.0
114,St. Lucie,1,0.0,1,3/3/20,,,0.0,No,,
186,St. Lucie,2,0.0,1,3/4/20,,,0.0,No,,
258,St. Lucie,3,0.0,1,3/5/20,,,0.0,No,,
330,St. Lucie,4,0.0,1,3/6/20,,,0.0,No,,
402,St. Lucie,5,0.0,1,3/7/20,,,0.0,No,,
474,St. Lucie,6,0.0,1,3/8/20,,,0.0,No,,
546,St. Lucie,7,0.0,2,3/9/20,,,0.0,No,,
618,St. Lucie,8,0.0,2,3/10/20,,,0.0,No,,
690,St. Lucie,9,0.0,2,3/11/20,,,0.0,No,,
762,St. Lucie,10,0.0,2,3/12/20,,,0.0,No,,
834,St. Lucie,11,0.0,2,3/13/20,,,0.0,No,,
906,St. Lucie,12,0.0,2,3/14/20,,,0.0,No,,
978,St. Lucie,13,0.0,2,3/15/20,,,0.0,No,,
1050,St. Lucie,14,0.0,3,3/16/20,,,0.0,No,,
1122,St. Lucie,15,0.0,3,3/17/20,,,0.0,No,,
1194,St. Lucie,16,0.0,3,3/18/20,,,0.0,No,,
1266,St. Lucie,17,0.0,3,3/19/20,,,0.0,No,,
1338,St. Lucie,18,1.0,3,3/20/20,,,1.0,Yes,100.0,
1410,St. Lucie,19,2.0,3,3/21/20,,,1.0,Yes,200.0,
43,Sumter,0,0.0,1,3/2/20,125779.0,0.0,0.0,No,,0.0
115,Sumter,1,0.0,1,3/3/20,125779.0,0.0,0.0,No,,0.0
187,Sumter,2,0.0,1,3/4/20,125779.0,0.0,0.0,No,,0.0
259,Sumter,3,0.0,1,3/5/20,125779.0,0.0,0.0,No,,0.0
331,Sumter,4,0.0,1,3/6/20,125779.0,0.0,0.0,No,,0.0
403,Sumter,5,0.0,1,3/7/20,125779.0,0.0,0.0,No,,0.0
475,Sumter,6,0.0,1,3/8/20,125779.0,0.0,0.0,No,,0.0
547,Sumter,7,0.0,2,3/9/20,125779.0,0.0,0.0,No,,0.0
619,Sumter,8,0.0,2,3/10/20,125779.0,0.0,0.0,No,,0.0
691,Sumter,9,0.0,2,3/11/20,125779.0,0.0,0.0,No,,0.0
763,Sumter,10,0.0,2,3/12/20,125779.0,0.0,0.0,No,,0.0
835,Sumter,11,0.0,2,3/13/20,125779.0,0.0,0.0,No,,0.0
907,Sumter,12,0.0,2,3/14/20,125779.0,0.0,0.0,No,,0.0
979,Sumter,13,0.0,2,3/15/20,125779.0,0.0,0.0,No,,0.0
1051,Sumter,14,0.0,3,3/16/20,125779.0,0.0,0.0,No,,0.0
1123,Sumter,15,1.0,3,3/17/20,125779.0,0.7950452778285724,1.0,Yes,100.0,0.7950452778285724
1195,Sumter,16,1.0,3,3/18/20,125779.0,0.7950452778285724,0.0,Yes,inf,1.5900905556571447
1267,Sumter,17,0.0,3,3/19/20,125779.0,0.0,-1.0,No,-0.0,0.7950452778285724
1339,Sumter,18,2.0,3,3/20/20,125779.0,1.5900905556571447,2.0,Yes,100.0,1.5900905556571447
1411,Sumter,19,1.0,3,3/21/20,125779.0,0.7950452778285724,-1.0,No,-100.0,2.385135833485717
66,Suwannee,0,0.0,1,3/2/20,45123.0,0.0,0.0,No,,0.0
138,Suwannee,1,0.0,1,3/3/20,45123.0,0.0,0.0,No,,0.0
210,Suwannee,2,0.0,1,3/4/20,45123.0,0.0,0.0,No,,0.0
282,Suwannee,3,0.0,1,3/5/20,45123.0,0.0,0.0,No,,0.0
354,Suwannee,4,0.0,1,3/6/20,45123.0,0.0,0.0,No,,0.0
426,Suwannee,5,0.0,1,3/7/20,45123.0,0.0,0.0,No,,0.0
498,Suwannee,6,0.0,1,3/8/20,45123.0,0.0,0.0,No,,0.0
570,Suwannee,7,0.0,2,3/9/20,45123.0,0.0,0.0,No,,0.0
642,Suwannee,8,0.0,2,3/10/20,45123.0,0.0,0.0,No,,0.0
714,Suwannee,9,0.0,2,3/11/20,45123.0,0.0,0.0,No,,0.0
786,Suwannee,10,0.0,2,3/12/20,45123.0,0.0,0.0,No,,0.0
858,Suwannee,11,0.0,2,3/13/20,45123.0,0.0,0.0,No,,0.0
930,Suwannee,12,0.0,2,3/14/20,45123.0,0.0,0.0,No,,0.0
1002,Suwannee,13,0.0,2,3/15/20,45123.0,0.0,0.0,No,,0.0
1074,Suwannee,14,0.0,3,3/16/20,45123.0,0.0,0.0,No,,0.0
1146,Suwannee,15,0.0,3,3/17/20,45123.0,0.0,0.0,No,,0.0
1218,Suwannee,16,0.0,3,3/18/20,45123.0,0.0,0.0,No,,0.0
1290,Suwannee,17,0.0,3,3/19/20,45123.0,0.0,0.0,No,,0.0
1362,Suwannee,18,0.0,3,3/20/20,45123.0,0.0,0.0,No,,0.0
1434,Suwannee,19,0.0,3,3/21/20,45123.0,0.0,0.0,No,,0.0
67,Taylor,0,0.0,1,3/2/20,22258.0,0.0,0.0,No,,0.0
139,Taylor,1,0.0,1,3/3/20,22258.0,0.0,0.0,No,,0.0
211,Taylor,2,0.0,1,3/4/20,22258.0,0.0,0.0,No,,0.0
283,Taylor,3,0.0,1,3/5/20,22258.0,0.0,0.0,No,,0.0
355,Taylor,4,0.0,1,3/6/20,22258.0,0.0,0.0,No,,0.0
427,Taylor,5,0.0,1,3/7/20,22258.0,0.0,0.0,No,,0.0
499,Taylor,6,0.0,1,3/8/20,22258.0,0.0,0.0,No,,0.0
571,Taylor,7,0.0,2,3/9/20,22258.0,0.0,0.0,No,,0.0
643,Taylor,8,0.0,2,3/10/20,22258.0,0.0,0.0,No,,0.0
715,Taylor,9,0.0,2,3/11/20,22258.0,0.0,0.0,No,,0.0
787,Taylor,10,0.0,2,3/12/20,22258.0,0.0,0.0,No,,0.0
859,Taylor,11,0.0,2,3/13/20,22258.0,0.0,0.0,No,,0.0
931,Taylor,12,0.0,2,3/14/20,22258.0,0.0,0.0,No,,0.0
1003,Taylor,13,0.0,2,3/15/20,22258.0,0.0,0.0,No,,0.0
1075,Taylor,14,0.0,3,3/16/20,22258.0,0.0,0.0,No,,0.0
1147,Taylor,15,0.0,3,3/17/20,22258.0,0.0,0.0,No,,0.0
1219,Taylor,16,0.0,3,3/18/20,22258.0,0.0,0.0,No,,0.0
1291,Taylor,17,0.0,3,3/19/20,22258.0,0.0,0.0,No,,0.0
1363,Taylor,18,0.0,3,3/20/20,22258.0,0.0,0.0,No,,0.0
1435,Taylor,19,0.0,3,3/21/20,22258.0,0.0,0.0,No,,0.0
68,Union,0,0.0,1,3/2/20,15966.0,0.0,0.0,No,,0.0
140,Union,1,0.0,1,3/3/20,15966.0,0.0,0.0,No,,0.0
212,Union,2,0.0,1,3/4/20,15966.0,0.0,0.0,No,,0.0
284,Union,3,0.0,1,3/5/20,15966.0,0.0,0.0,No,,0.0
356,Union,4,0.0,1,3/6/20,15966.0,0.0,0.0,No,,0.0
428,Union,5,0.0,1,3/7/20,15966.0,0.0,0.0,No,,0.0
500,Union,6,0.0,1,3/8/20,15966.0,0.0,0.0,No,,0.0
572,Union,7,0.0,2,3/9/20,15966.0,0.0,0.0,No,,0.0
644,Union,8,0.0,2,3/10/20,15966.0,0.0,0.0,No,,0.0
716,Union,9,0.0,2,3/11/20,15966.0,0.0,0.0,No,,0.0
788,Union,10,0.0,2,3/12/20,15966.0,0.0,0.0,No,,0.0
860,Union,11,0.0,2,3/13/20,15966.0,0.0,0.0,No,,0.0
932,Union,12,0.0,2,3/14/20,15966.0,0.0,0.0,No,,0.0
1004,Union,13,0.0,2,3/15/20,15966.0,0.0,0.0,No,,0.0
1076,Union,14,0.0,3,3/16/20,15966.0,0.0,0.0,No,,0.0
1148,Union,15,0.0,3,3/17/20,15966.0,0.0,0.0,No,,0.0
1220,Union,16,0.0,3,3/18/20,15966.0,0.0,0.0,No,,0.0
1292,Union,17,0.0,3,3/19/20,15966.0,0.0,0.0,No,,0.0
1364,Union,18,0.0,3,3/20/20,15966.0,0.0,0.0,No,,0.0
1436,Union,19,0.0,3,3/21/20,15966.0,0.0,0.0,No,,0.0
44,Unknown,0,0.0,1,3/2/20,,,0.0,No,,0.0
116,Unknown,1,0.0,1,3/3/20,,,0.0,No,,
188,Unknown,2,0.0,1,3/4/20,,,0.0,No,,
260,Unknown,3,0.0,1,3/5/20,,,0.0,No,,
332,Unknown,4,0.0,1,3/6/20,,,0.0,No,,
404,Unknown,5,0.0,1,3/7/20,,,0.0,No,,
476,Unknown,6,0.0,1,3/8/20,,,0.0,No,,
548,Unknown,7,0.0,2,3/9/20,,,0.0,No,,
620,Unknown,8,0.0,2,3/10/20,,,0.0,No,,
692,Unknown,9,0.0,2,3/11/20,,,0.0,No,,
764,Unknown,10,0.0,2,3/12/20,,,0.0,No,,
836,Unknown,11,0.0,2,3/13/20,,,0.0,No,,
908,Unknown,12,0.0,2,3/14/20,,,0.0,No,,
980,Unknown,13,0.0,2,3/15/20,,,0.0,No,,
1052,Unknown,14,0.0,3,3/16/20,,,0.0,No,,
1124,Unknown,15,0.0,3,3/17/20,,,0.0,No,,
1196,Unknown,16,0.0,3,3/18/20,,,0.0,No,,
1268,Unknown,17,0.0,3,3/19/20,,,0.0,No,,
1340,Unknown,18,1.0,3,3/20/20,,,1.0,Yes,100.0,
1412,Unknown,19,0.0,3,3/21/20,,,-1.0,No,-0.0,
45,Volusia,0,0.0,1,3/2/20,532926.0,0.0,0.0,No,,0.0
117,Volusia,1,0.0,1,3/3/20,532926.0,0.0,0.0,No,,0.0
189,Volusia,2,0.0,1,3/4/20,532926.0,0.0,0.0,No,,0.0
261,Volusia,3,0.0,1,3/5/20,532926.0,0.0,0.0,No,,0.0
333,Volusia,4,0.0,1,3/6/20,532926.0,0.0,0.0,No,,0.0
405,Volusia,5,1.0,1,3/7/20,532926.0,0.18764331257998296,1.0,Yes,100.0,0.18764331257998296
477,Volusia,6,1.0,1,3/8/20,532926.0,0.18764331257998296,0.0,Yes,inf,0.3752866251599659
549,Volusia,7,0.0,2,3/9/20,532926.0,0.0,-1.0,No,-0.0,0.18764331257998296
621,Volusia,8,0.0,2,3/10/20,532926.0,0.0,0.0,No,,0.0
693,Volusia,9,0.0,2,3/11/20,532926.0,0.0,0.0,No,,0.0
765,Volusia,10,1.0,2,3/12/20,532926.0,0.18764331257998296,1.0,Yes,100.0,0.18764331257998296
837,Volusia,11,3.0,2,3/13/20,532926.0,0.5629299377399489,2.0,Yes,150.0,0.7505732503199318
909,Volusia,12,1.0,2,3/14/20,532926.0,0.18764331257998296,-2.0,No,-50.0,0.7505732503199318
981,Volusia,13,1.0,2,3/15/20,532926.0,0.18764331257998296,0.0,Yes,inf,0.3752866251599659
1053,Volusia,14,1.0,3,3/16/20,532926.0,0.18764331257998296,0.0,Yes,inf,0.3752866251599659
1125,Volusia,15,0.0,3,3/17/20,532926.0,0.0,-1.0,No,-0.0,0.18764331257998296
1197,Volusia,16,0.0,3,3/18/20,532926.0,0.0,0.0,No,,0.0
1269,Volusia,17,1.0,3,3/19/20,532926.0,0.18764331257998296,1.0,Yes,100.0,0.18764331257998296
1341,Volusia,18,2.0,3,3/20/20,532926.0,0.3752866251599659,1.0,Yes,200.0,0.5629299377399488
1413,Volusia,19,2.0,3,3/21/20,532926.0,0.3752866251599659,0.0,Yes,inf,0.7505732503199318
69,Wakulla,0,0.0,1,3/2/20,32350.0,0.0,0.0,No,,0.0
141,Wakulla,1,0.0,1,3/3/20,32350.0,0.0,0.0,No,,0.0
213,Wakulla,2,0.0,1,3/4/20,32350.0,0.0,0.0,No,,0.0
285,Wakulla,3,0.0,1,3/5/20,32350.0,0.0,0.0,No,,0.0
357,Wakulla,4,0.0,1,3/6/20,32350.0,0.0,0.0,No,,0.0
429,Wakulla,5,0.0,1,3/7/20,32350.0,0.0,0.0,No,,0.0
501,Wakulla,6,0.0,1,3/8/20,32350.0,0.0,0.0,No,,0.0
573,Wakulla,7,0.0,2,3/9/20,32350.0,0.0,0.0,No,,0.0
645,Wakulla,8,0.0,2,3/10/20,32350.0,0.0,0.0,No,,0.0
717,Wakulla,9,0.0,2,3/11/20,32350.0,0.0,0.0,No,,0.0
789,Wakulla,10,0.0,2,3/12/20,32350.0,0.0,0.0,No,,0.0
861,Wakulla,11,0.0,2,3/13/20,32350.0,0.0,0.0,No,,0.0
933,Wakulla,12,0.0,2,3/14/20,32350.0,0.0,0.0,No,,0.0
1005,Wakulla,13,0.0,2,3/15/20,32350.0,0.0,0.0,No,,0.0
1077,Wakulla,14,0.0,3,3/16/20,32350.0,0.0,0.0,No,,0.0
1149,Wakulla,15,0.0,3,3/17/20,32350.0,0.0,0.0,No,,0.0
1221,Wakulla,16,0.0,3,3/18/20,32350.0,0.0,0.0,No,,0.0
1293,Wakulla,17,0.0,3,3/19/20,32350.0,0.0,0.0,No,,0.0
1365,Wakulla,18,0.0,3,3/20/20,32350.0,0.0,0.0,No,,0.0
1437,Wakulla,19,0.0,3,3/21/20,32350.0,0.0,0.0,No,,0.0
46,Walton,0,0.0,1,3/2/20,67926.0,0.0,0.0,No,,0.0
118,Walton,1,0.0,1,3/3/20,67926.0,0.0,0.0,No,,0.0
190,Walton,2,0.0,1,3/4/20,67926.0,0.0,0.0,No,,0.0
262,Walton,3,0.0,1,3/5/20,67926.0,0.0,0.0,No,,0.0
334,Walton,4,0.0,1,3/6/20,67926.0,0.0,0.0,No,,0.0
406,Walton,5,0.0,1,3/7/20,67926.0,0.0,0.0,No,,0.0
478,Walton,6,0.0,1,3/8/20,67926.0,0.0,0.0,No,,0.0
550,Walton,7,0.0,2,3/9/20,67926.0,0.0,0.0,No,,0.0
622,Walton,8,0.0,2,3/10/20,67926.0,0.0,0.0,No,,0.0
694,Walton,9,0.0,2,3/11/20,67926.0,0.0,0.0,No,,0.0
766,Walton,10,0.0,2,3/12/20,67926.0,0.0,0.0,No,,0.0
838,Walton,11,0.0,2,3/13/20,67926.0,0.0,0.0,No,,0.0
910,Walton,12,0.0,2,3/14/20,67926.0,0.0,0.0,No,,0.0
982,Walton,13,0.0,2,3/15/20,67926.0,0.0,0.0,No,,0.0
1054,Walton,14,0.0,3,3/16/20,67926.0,0.0,0.0,No,,0.0
1126,Walton,15,1.0,3,3/17/20,67926.0,1.4721903247651855,1.0,Yes,100.0,1.4721903247651855
1198,Walton,16,0.0,3,3/18/20,67926.0,0.0,-1.0,No,-0.0,1.4721903247651855
1270,Walton,17,2.0,3,3/19/20,67926.0,2.944380649530371,2.0,Yes,100.0,2.944380649530371
1342,Walton,18,1.0,3,3/20/20,67926.0,1.4721903247651855,-1.0,No,-100.0,4.416570974295556
1414,Walton,19,0.0,3,3/21/20,67926.0,0.0,-1.0,No,-0.0,1.4721903247651855
70,Washington,0,0.0,1,3/2/20,25243.0,0.0,0.0,No,,0.0
142,Washington,1,0.0,1,3/3/20,25243.0,0.0,0.0,No,,0.0
214,Washington,2,0.0,1,3/4/20,25243.0,0.0,0.0,No,,0.0
286,Washington,3,0.0,1,3/5/20,25243.0,0.0,0.0,No,,0.0
358,Washington,4,0.0,1,3/6/20,25243.0,0.0,0.0,No,,0.0
430,Washington,5,0.0,1,3/7/20,25243.0,0.0,0.0,No,,0.0
502,Washington,6,0.0,1,3/8/20,25243.0,0.0,0.0,No,,0.0
574,Washington,7,0.0,2,3/9/20,25243.0,0.0,0.0,No,,0.0
646,Washington,8,0.0,2,3/10/20,25243.0,0.0,0.0,No,,0.0
718,Washington,9,0.0,2,3/11/20,25243.0,0.0,0.0,No,,0.0
790,Washington,10,0.0,2,3/12/20,25243.0,0.0,0.0,No,,0.0
862,Washington,11,0.0,2,3/13/20,25243.0,0.0,0.0,No,,0.0
934,Washington,12,0.0,2,3/14/20,25243.0,0.0,0.0,No,,0.0
1006,Washington,13,0.0,2,3/15/20,25243.0,0.0,0.0,No,,0.0
1078,Washington,14,0.0,3,3/16/20,25243.0,0.0,0.0,No,,0.0
1150,Washington,15,0.0,3,3/17/20,25243.0,0.0,0.0,No,,0.0
1222,Washington,16,0.0,3,3/18/20,25243.0,0.0,0.0,No,,0.0
1294,Washington,17,0.0,3,3/19/20,25243.0,0.0,0.0,No,,0.0
1366,Washington,18,0.0,3,3/20/20,25243.0,0.0,0.0,No,,0.0
1438,Washington,19,0.0,3,3/21/20,25243.0,0.0,0.0,No,,0.0
